time,u,v,link_class,role_u,role_v,is_available,transmissivity,excess_noise,qber,q_rate,p_rate,effective_capacity,trust_score,latency_ms,supports_qkd,supports_pqc
0,SAT_1,SAT_2,inter_satellite,satellite,satellite,True,0.3320982049898743,0.037128531792335606,0.0892548981022819,0.06097466759027577,6.896125328939224,9.462874083483097,0.8888021314614686,16.170512962154394,True,True
0,SAT_1,UAV_1,satellite_aerial,satellite,uav,True,0.27466733221534856,0.028662262402308597,0.12590902977486468,0.0,5.800118469599881,7.98473540016679,0.6960973142080834,34.5704185236018,True,True
0,SAT_1,GW_1,satellite_gateway,satellite,gateway,True,0.21682463463070584,0.05439295807917777,0.10128415048430534,0.014064034417149403,5.602621927089379,7.544977625910942,0.7617446660815282,37.78396942149894,True,True
0,SAT_2,UAV_2,satellite_aerial,satellite,uav,True,0.25759746893109214,0.03893287471096962,0.10022080624145853,0.02050637255175336,4.298273460147995,5.5187469697505955,0.714407944683318,29.61823740775739,True,True
0,SAT_2,GW_2,satellite_gateway,satellite,gateway,True,0.2771960018001302,0.0894892225149679,0.1270811223756378,0.0,5.236175376444304,6.592032875747424,0.7799237212123671,28.00427896658044,True,True
0,UAV_1,GW_1,aerial_gateway,uav,gateway,True,0.40984134190491767,0.014835701088212095,0.09692872174542239,0.05384749425588146,13.864476673011113,18.24266514487214,0.7850172041814932,10.818953749251703,True,True
0,UAV_1,BS_2,aerial_access,uav,base_station,True,0.35345804127370356,0.039363247398458916,0.08592665990477827,0.07642783203006312,15.778801552757402,19.537897832111167,0.8903183867322059,14.985502821393496,True,True
0,UAV_2,GW_2,aerial_gateway,uav,gateway,True,0.32132345825600467,0.01515149073652644,0.07070532315657163,0.12729955064958123,9.195561719335528,11.163720494642234,0.8109422227759885,12.887741547920307,True,True
0,UAV_2,BS_2,aerial_access,uav,base_station,True,0.45916961147671626,0.015499936506766494,0.07481499995104934,0.17844116611940083,16.71637000386743,20.199957719987168,0.8027914428449464,6.157605195439376,True,True
0,GW_1,BS_1,gateway_backhaul,gateway,base_station,True,0.8292159377356016,0.014163601269028811,0.02660355904916538,0.0,11.71619149466884,14.743764928848789,0.8621829710375082,9.515469119519267,False,True
0,GW_1,BS_2,gateway_backhaul,gateway,base_station,True,0.750241462224441,0.00996212997426951,0.02217353257464605,0.0,14.986293098889636,17.97248615026306,0.9091660106670835,5.61505124460182,False,True
0,GW_2,BS_2,gateway_backhaul,gateway,base_station,True,0.7433697858814576,0.005780850334947728,0.04245883365447664,0.0,18.322512517807777,21.858987781475417,0.8872923618815793,8.836388066598579,False,True
0,GW_2,BS_3,gateway_backhaul,gateway,base_station,False,0.0785321037579581,0.008846485859882324,0.10500080073386234,0.0,18.161021424525963,22.988751357719924,0.8618755501136964,3.8651645555625413,False,True
0,BS_1,BS_2,terrestrial_backhaul,base_station,base_station,True,0.7175303085460683,0.008411024219782372,0.035665891045250184,0.0,13.835738003377946,17.24191352813209,0.8704811301475509,3.100663078557675,False,True
0,BS_1,DC_1,metro_core,base_station,data_center,True,0.8737386991878487,0.009658885738492063,0.021022379503130493,0.0,19.018888069058853,22.04601101106911,0.9252380560145386,5.708645938174448,False,True
0,BS_2,BS_3,terrestrial_backhaul,base_station,base_station,True,0.8916331804145652,0.007736584443606068,0.009899847627244152,0.0,19.08327686260325,22.356652277878357,0.9499018570845729,2.8764585726759617,False,True
0,BS_2,DC_1,metro_core,base_station,data_center,False,0.11963884082217949,0.010308094551200526,0.1107045463092323,0.0,20.865147545739823,24.07484296009834,0.8699569004921309,2.268550051864966,False,True
0,BS_3,DC_1,metro_core,base_station,data_center,True,0.8807303500221507,0.00584686622633107,0.02825954046636463,0.0,19.978788157625917,24.030813988165722,0.9072217517809051,6.127725932510802,False,True
1,SAT_1,SAT_2,inter_satellite,satellite,satellite,True,0.3262708533757931,0.03924150800195553,0.08710551591170616,0.06565124312180205,6.801048212487608,9.332409113911453,0.8940767319949797,15.632656969277997,True,True
1,SAT_1,UAV_1,satellite_aerial,satellite,uav,True,0.25833205763409506,0.027397334427272046,0.12388225202816489,0.0,5.703604145186595,7.851868917041469,0.6907254551342547,35.2907466161833,True,True
1,SAT_1,GW_1,satellite_gateway,satellite,gateway,True,0.21158309229143485,0.056806857601648726,0.10377230420159517,0.00963316384918025,5.570030834882368,7.501087628565782,0.7611556587775824,39.18001884676331,True,True
1,SAT_2,UAV_2,satellite_aerial,satellite,uav,True,0.2561352658334722,0.03955781192327553,0.10195456085129126,0.016655105694269114,4.451236409925013,5.715142993268597,0.724662698117329,29.62544865723783,True,True
1,SAT_2,GW_2,satellite_gateway,satellite,gateway,True,0.25954801085185,0.08897299861234022,0.13009220463799898,0.0,5.076783109402071,6.391367506667326,0.7693294912686472,28.176585155737122,True,True
1,UAV_1,GW_1,aerial_gateway,uav,gateway,True,0.41788154561646723,0.01477669889595273,0.10390685717913238,0.025373234266905957,13.965355881557025,18.375400455766723,0.808324391229835,10.471819242465362,True,True
1,UAV_1,BS_2,aerial_access,uav,base_station,True,0.3605437191976919,0.03849992891103512,0.07805656038697428,0.10654254460853986,16.726440958945936,20.7113001236533,0.8968619170382847,14.477475259551534,True,True
1,UAV_2,GW_2,aerial_gateway,uav,gateway,True,0.29649508003193487,0.016165594079499128,0.07908977868161347,0.0884168299118689,9.07919130257998,11.022442903761375,0.7939115043306286,12.13247083641315,True,True
1,UAV_2,BS_2,aerial_access,uav,base_station,False,0.06537490011693235,0.021923361921630434,0.1406026490823185,0.0,16.935712595946445,20.46500994634752,0.774855151812317,8.215153356274621,True,True
1,GW_1,BS_1,gateway_backhaul,gateway,base_station,False,0.11177938701250759,0.020256212787253692,0.10172046355208299,0.0,11.889783562150296,14.962214809735768,0.805995339509014,11.15244782750761,False,True
1,GW_1,BS_2,gateway_backhaul,gateway,base_station,True,0.7452932640492187,0.010634380727937588,0.022088676227120536,0.0,15.79892053345522,18.947039044476494,0.9024792070335212,5.484900742809806,False,True
1,GW_2,BS_2,gateway_backhaul,gateway,base_station,True,0.7149211434618106,0.006558710796039529,0.03915667645896638,0.0,19.897426647971642,23.737880138332372,0.8898997192989229,8.776177039439842,False,True
1,GW_2,BS_3,gateway_backhaul,gateway,base_station,True,0.6845194188685211,0.005515624860306911,0.029459708475615205,0.0,19.02615990080693,24.083868909553274,0.9202419035562488,2.8571307301409123,False,True
1,BS_1,BS_2,terrestrial_backhaul,base_station,base_station,True,0.7437695207555571,0.008203627761535713,0.024869069926851034,0.0,13.83041042043033,17.235274364794773,0.8755660514140617,3.079725255438196,False,True
1,BS_1,DC_1,metro_core,base_station,data_center,True,0.9069606796907911,0.00865213365145968,0.012899074463238428,0.0,19.94507914194087,23.119618391109878,0.9265622537775124,5.342907149874281,False,True
1,BS_2,BS_3,terrestrial_backhaul,base_station,base_station,True,0.877786819335106,0.008154443998624476,0.005286575118940837,0.0,20.103325401478823,23.551670861656753,0.9601138548160015,2.742420646024119,False,True
1,BS_2,DC_1,metro_core,base_station,data_center,True,0.8246241681752355,0.007164230743751699,0.01791086513295879,0.0,21.246929968923606,24.515355152160552,0.9094037147198366,1.8864688955503797,False,True
1,BS_3,DC_1,metro_core,base_station,data_center,True,0.8508509460096465,0.006310854550244378,0.025413515966336044,0.0,19.683604037291683,23.67576168809392,0.9000175162163843,6.340488160370851,False,True
2,SAT_1,SAT_2,inter_satellite,satellite,satellite,True,0.3132708535910509,0.03639330482735714,0.09464910275084636,0.0415708023915362,6.715159645161758,9.214552685983062,0.9383872797128651,14.876362989731374,True,True
2,SAT_1,UAV_1,satellite_aerial,satellite,uav,True,0.26267751149564433,0.029349194549251546,0.13276790150370374,0.0,5.848115450914168,8.050810463600412,0.7267070104935249,34.353483492181866,True,True
2,SAT_1,GW_1,satellite_gateway,satellite,gateway,True,0.20552649048666896,0.05592241029910788,0.10389381246684877,0.00917160086237337,5.553297379452269,7.478552903134137,0.7806866432244326,36.377662008985524,True,True
2,SAT_2,UAV_2,satellite_aerial,satellite,uav,True,0.2636569445254248,0.04120923367187358,0.09931693317073853,0.022856002608240552,4.749126036483244,6.0976169073019255,0.7354525017286473,28.592319779817554,True,True
2,SAT_2,GW_2,satellite_gateway,satellite,gateway,True,0.24830489256098612,0.09722044184789741,0.12282373630876327,0.0,4.8638927575420485,6.12335123572575,0.8030766918238533,30.026652118343417,True,True
2,UAV_1,GW_1,aerial_gateway,uav,gateway,True,0.40094355488898953,0.015159271809940054,0.09496279221936664,0.060396313186690635,14.27351272947099,18.78086849622561,0.8199994698854358,10.484662601465445,True,True
2,UAV_1,BS_2,aerial_access,uav,base_station,True,0.33960404843837827,0.04303533130066122,0.08687299775614055,0.06866652949730608,16.86134815668431,20.87834722399332,0.9058824187972483,13.847489836443035,True,True
2,UAV_2,GW_2,aerial_gateway,uav,gateway,True,0.3017700025937785,0.01503364735675828,0.07386090014412275,0.10759415411990511,9.318444018058864,11.312903728745477,0.8040676637387012,12.16318077724024,True,True
2,UAV_2,BS_2,aerial_access,uav,base_station,True,0.4425505344002186,0.014806833333220849,0.0733197609299679,0.17809185260134014,15.891131870714378,19.202745083825363,0.8104431593334004,6.230872675203034,True,True
2,GW_1,BS_1,gateway_backhaul,gateway,base_station,True,0.809017069107117,0.014470149477156382,0.026843214733775853,0.0,11.573788951299877,14.564564236741841,0.8529861003552496,8.864941890044951,False,True
2,GW_1,BS_2,gateway_backhaul,gateway,base_station,True,0.7350419491860836,0.01020808575063177,0.024789465279221292,0.0,15.914184472862091,19.08527066325941,0.8917242157039995,5.2366893018726834,False,True
2,GW_2,BS_2,gateway_backhaul,gateway,base_station,True,0.7181559489613794,0.006350942101985434,0.03701333288421352,0.0,19.13534719029267,22.828709764578893,0.9003680438430458,8.986081588534114,False,True
2,GW_2,BS_3,gateway_backhaul,gateway,base_station,True,0.7123756806382736,0.0052440417297266746,0.02285339636255607,0.0,20.277296987137415,25.66759477605279,0.903774853075826,2.692858663366743,False,True
2,BS_1,BS_2,terrestrial_backhaul,base_station,base_station,True,0.728608441153831,0.00965627628763412,0.03304573920279497,0.0,14.095736178447341,17.565919811781303,0.8813708952535542,3.044947319114273,False,True
2,BS_1,DC_1,metro_core,base_station,data_center,True,0.8918045399902842,0.00836210215711879,0.017915795685939512,0.0,20.459516906701786,23.715936145609923,0.9333294899305239,4.960618356376556,False,True
2,BS_2,BS_3,terrestrial_backhaul,base_station,base_station,True,0.8977198307691483,0.007125007271180611,0.007091585053698286,0.0,21.022509901108574,24.628524086886053,0.9427986236515267,2.5806493344453543,False,True
2,BS_2,DC_1,metro_core,base_station,data_center,True,0.8631133165450543,0.007614717629187735,0.01778557206448755,0.0,23.599316446990837,27.22961034334853,0.9078378875406806,1.8191569487213173,False,True
2,BS_3,DC_1,metro_core,base_station,data_center,True,0.854636219789329,0.006196129957500891,0.023799063993518464,0.0,19.456751322519867,23.4028995230626,0.9063070098542056,6.277783082735171,False,True
3,SAT_1,SAT_2,inter_satellite,satellite,satellite,True,0.31840491890598105,0.03780199144597797,0.08427325236423473,0.07255175227005074,6.655637269762476,9.132875988317844,0.9141389633488691,15.174643722765316,True,True
3,SAT_1,UAV_1,satellite_aerial,satellite,uav,True,0.2581063951244059,0.03080735071552552,0.1191716404723786,0.0,5.562581669583575,7.657730269862378,0.712990983741354,32.06937628713415,True,True
3,SAT_1,GW_1,satellite_gateway,satellite,gateway,True,0.2050816586306377,0.06264183880783722,0.10264276631833225,0.010756663019232705,5.520634369430267,7.4345660550087365,0.7721200377018603,38.30567986044638,True,True
3,SAT_2,UAV_2,satellite_aerial,satellite,uav,False,0.04182600819060249,0.06444523563132641,0.16233870292700514,0.0,4.680474581495961,6.009472210903992,0.6894065274448802,30.910993944081095,True,True
3,SAT_2,GW_2,satellite_gateway,satellite,gateway,False,0.03341392189751894,0.11918375934503626,0.1558795022334074,0.0,4.799366701681064,6.042116775266029,0.776906366048072,35.09237159876908,True,True
3,UAV_1,GW_1,aerial_gateway,uav,gateway,False,0.07897161219418627,0.020873668041805404,0.13450227968599546,0.0,14.132207502823798,18.59494125254082,0.803338180747519,12.673863916864349,True,True
3,UAV_1,BS_2,aerial_access,uav,base_station,False,0.06448933424577337,0.04794482319653464,0.14408114970424213,0.0,17.437920947896302,21.5922810579293,0.8900610523217313,14.641164957112725,True,True
3,UAV_2,GW_2,aerial_gateway,uav,gateway,False,0.019707479930671783,0.026192622772530868,0.11298421271061462,0.0,9.18975368320209,11.156669343881084,0.7909499106141809,14.886526061607022,True,True
3,UAV_2,BS_2,aerial_access,uav,base_station,True,0.4552723458743155,0.014118284352149724,0.06406024459839366,0.23872858252600662,16.639231182989167,20.106743647796254,0.8057165777644737,6.0317851897989385,True,True
3,GW_1,BS_1,gateway_backhaul,gateway,base_station,True,0.7827928224748861,0.015206551582420003,0.025181502984706693,0.0,12.842318856216798,16.160894130446657,0.8411221365241521,8.916437152155728,False,True
3,GW_1,BS_2,gateway_backhaul,gateway,base_station,True,0.7364650041470213,0.009634113992672564,0.02106481890165828,0.0,16.157422372971144,19.37697654156316,0.9269728841001537,5.174070079532485,False,True
3,GW_2,BS_2,gateway_backhaul,gateway,base_station,True,0.7049205027748169,0.0063936100294566265,0.038277504644697105,0.0,19.941915057812043,23.790955370573222,0.8875955738611625,8.80345408178559,False,True
3,GW_2,BS_3,gateway_backhaul,gateway,base_station,True,0.717485677100783,0.00498674239856139,0.019720850120320554,0.0,21.826094350213744,27.628107714778277,0.9091249373613909,2.5417851411288903,False,True
3,BS_1,BS_2,terrestrial_backhaul,base_station,base_station,True,0.7103650354483373,0.00911784220967052,0.027573290183997606,0.0,15.283376483226,19.045941436397108,0.8607031782461182,2.712040084786938,False,True
3,BS_1,DC_1,metro_core,base_station,data_center,True,0.9253062704036339,0.00927556617055686,0.01210097084948491,0.0,22.459182209580273,26.033876244191806,0.9271450516785055,5.456511438920574,False,True
3,BS_2,BS_3,terrestrial_backhaul,base_station,base_station,True,0.8979796133791698,0.007812253557632206,0.006935861916586075,0.0,21.717562156995367,25.442799418722124,0.962396811743299,2.5251854340751025,False,True
3,BS_2,DC_1,metro_core,base_station,data_center,True,0.84846116835938,0.007351749288651729,0.02247167981334578,0.0,25.086547261845997,28.945622570655665,0.9069843194068358,1.8335842661528943,False,True
3,BS_3,DC_1,metro_core,base_station,data_center,True,0.8332788196151247,0.006862410392521676,0.028798959900831225,0.0,20.2377570695235,24.342306041709172,0.9228170009801121,5.85381911735889,False,True
4,SAT_1,SAT_2,inter_satellite,satellite,satellite,True,0.30603097369169463,0.03932694916051101,0.08074197525851273,0.0788947500566792,6.772983764406748,9.293899033867348,0.9305373586757502,13.76291559120372,True,True
4,SAT_1,UAV_1,satellite_aerial,satellite,uav,True,0.2492303140139049,0.030432338011908026,0.11674552172187726,0.0,5.960034571553119,8.204883965582349,0.726108191048188,33.01157650268106,True,True
4,SAT_1,GW_1,satellite_gateway,satellite,gateway,True,0.20326041421723826,0.055543253301274485,0.10074073424733176,0.013843683931076269,5.380397967088582,7.245711527293721,0.7673585036342909,33.90702703144093,True,True
4,SAT_2,UAV_2,satellite_aerial,satellite,uav,True,0.2600662904064197,0.042808755598696194,0.09835747190137523,0.024410431216536434,5.049070614374729,6.482729265945285,0.7315203582574966,26.94989157060022,True,True
4,SAT_2,GW_2,satellite_gateway,satellite,gateway,True,0.2382875026129486,0.09902591102728812,0.11819623831766608,0.0,4.940060846955549,6.219242322902747,0.7912986818970104,28.326295827590013,True,True
4,UAV_1,GW_1,aerial_gateway,uav,gateway,True,0.40935913472730806,0.015115852926561108,0.09331596004092678,0.06915240806906903,14.879250205814232,19.577888550227385,0.8235013373186953,10.563761995123079,True,True
4,UAV_1,BS_2,aerial_access,uav,base_station,True,0.3549805811757924,0.04215000776017219,0.08734825458168155,0.07123879005778493,17.68514447573081,21.898402407663912,0.9098069473714817,12.631640584683113,True,True
4,UAV_2,GW_2,aerial_gateway,uav,gateway,False,0.06613337549346154,0.027818519273240434,0.10611536336368117,0.001935996253820405,9.265171004749014,11.248228502951713,0.7735469630105164,13.436528555646865,True,True
4,UAV_2,BS_2,aerial_access,uav,base_station,True,0.4368729568579476,0.01636378657750535,0.07070729839712302,0.18767307760260768,17.46838898651219,21.108692789295723,0.8257288720865131,6.190202326656528,True,True
4,GW_1,BS_1,gateway_backhaul,gateway,base_station,True,0.8161109409394681,0.014750138418982895,0.026352591344745154,0.0,13.054775593326426,16.428251674996854,0.8418613141009494,8.406493740882818,False,True
4,GW_1,BS_2,gateway_backhaul,gateway,base_station,False,0.09971106835943852,0.014368320269705635,0.11449024681756428,0.0,17.0717942008434,20.473547581792076,0.870584882500036,5.8022610204102385,False,True
4,GW_2,BS_2,gateway_backhaul,gateway,base_station,True,0.7012251241982042,0.006471094891649721,0.03187476876102338,0.0,19.736646963751713,23.546067953761224,0.9055452779233556,8.491436790883089,False,True
4,GW_2,BS_3,gateway_backhaul,gateway,base_station,True,0.7147324247580372,0.004854888827907932,0.022654020937375383,0.0,22.3433899647091,28.282915612533024,0.9078961620785263,2.5914092672665787,False,True
4,BS_1,BS_2,terrestrial_backhaul,base_station,base_station,True,0.7338364172070422,0.00914621177991563,0.026258565260812793,0.0,15.354870439030648,19.135036257610615,0.8714216596664465,2.70881548700353,False,True
4,BS_1,DC_1,metro_core,base_station,data_center,True,0.9007210113855056,0.009274653968082455,0.015020528072545355,0.0,22.485685139174578,26.064597486965827,0.9387747598643853,5.271234034639695,False,True
4,BS_2,BS_3,terrestrial_backhaul,base_station,base_station,True,0.925973058593263,0.007623830086550535,0.0031518341031041576,0.0,22.729910510519165,26.628796995907976,0.9469628766892301,2.4397276762678755,False,True
4,BS_2,DC_1,metro_core,base_station,data_center,True,0.9132753134067157,0.007371338793936615,0.009381852614565488,0.0,25.91867676536643,29.90575894523929,0.9050941201491001,1.841379071147298,False,True
4,BS_3,DC_1,metro_core,base_station,data_center,True,0.824532729287329,0.006778974301945884,0.025313366231474104,0.0,20.938658159929904,25.18536136592461,0.916682634135649,5.971957205133531,False,True
5,SAT_1,SAT_2,inter_satellite,satellite,satellite,True,0.31164598441626745,0.038121176018141426,0.08046091229476782,0.08187922402343456,6.6519610312063255,9.127831447956648,0.9302305592950348,14.242153197843551,True,True
5,SAT_1,UAV_1,satellite_aerial,satellite,uav,True,0.2523996375622888,0.030688865944781013,0.12452789773499338,0.0,5.55743754913294,7.650648614396167,0.7145842666495603,30.93881264954134,True,True
5,SAT_1,GW_1,satellite_gateway,satellite,gateway,True,0.19286868640945162,0.05937739002115497,0.10087306511417897,0.012668128663460114,5.398136489410558,7.269599763155027,0.7700821995315696,35.25395098532199,True,True
5,SAT_2,UAV_2,satellite_aerial,satellite,uav,False,0.051057125710701215,0.06529044015571443,0.13863821956625574,0.0,5.071137432082245,6.511061847500298,0.7013006035064608,34.46696315165086,True,True
5,SAT_2,GW_2,satellite_gateway,satellite,gateway,True,0.24576729155254184,0.09717056568821852,0.12164111149744956,0.0,4.803305483668389,6.047075467151648,0.8009994834385309,29.975692971865435,True,True
5,UAV_1,GW_1,aerial_gateway,uav,gateway,False,0.07016211913369254,0.023052018629594422,0.14900247033284886,0.0,14.58944776074824,19.196570950710957,0.7980111363057641,12.15074990185856,True,True
5,UAV_1,BS_2,aerial_access,uav,base_station,True,0.37315530389940627,0.0421470943741776,0.08357508500408983,0.08939946663852878,17.88094316536403,22.140847613716115,0.9029971540532598,12.280569428197298,True,True
5,UAV_2,GW_2,aerial_gateway,uav,gateway,True,0.30690512005942133,0.01495997646943145,0.07001961383386551,0.12282816029809179,9.695819634074319,11.771050389849547,0.806284122191534,12.442801379343637,True,True
5,UAV_2,BS_2,aerial_access,uav,base_station,True,0.43558918927066503,0.015314011738451034,0.06792819505298696,0.20258725697330232,17.742046603472556,21.439378954478293,0.7936282602659195,6.106475765971247,True,True
5,GW_1,BS_1,gateway_backhaul,gateway,base_station,True,0.8106705482605988,0.01533622619092093,0.022419857466281567,0.0,13.613939402251765,17.131908640595807,0.8505771996245111,8.126220230689862,False,True
5,GW_1,BS_2,gateway_backhaul,gateway,base_station,True,0.743123121349725,0.010605668930216151,0.023633469598028485,0.0,17.687782907825163,21.212279196868284,0.9188792612174536,4.50353277645868,False,True
5,GW_2,BS_2,gateway_backhaul,gateway,base_station,True,0.6926388596826731,0.006967953787823866,0.03617365253400452,0.0,21.227030526756316,25.32411428129225,0.8903690932158906,8.49310760288651,False,True
5,GW_2,BS_3,gateway_backhaul,gateway,base_station,True,0.7522604610237713,0.005137440571899047,0.021324598526310013,0.0,23.14699876636395,29.30014710509489,0.891795591113271,2.65729256377187,False,True
5,BS_1,BS_2,terrestrial_backhaul,base_station,base_station,True,0.734634188542029,0.009550767156577405,0.030074429815876342,0.0,15.314366622549466,19.084560937742793,0.880226012016391,2.542480600834,False,True
5,BS_1,DC_1,metro_core,base_station,data_center,True,0.9237545036579691,0.009575559106859697,0.0158884134723718,0.0,23.657106332860693,27.422466803028414,0.9364969749362694,5.171651722246095,False,True
5,BS_2,BS_3,terrestrial_backhaul,base_station,base_station,True,0.895372833560974,0.007971734288753531,0.01202458524984746,0.0,23.64535420969312,27.701267757075506,0.9508386315633193,2.3697301156802473,False,True
5,BS_2,DC_1,metro_core,base_station,data_center,True,0.9250094647452245,0.0069307792857960905,0.013290619597553241,0.0,27.809018585595307,32.08689293258119,0.9076248447140978,1.8108750604272021,False,True
5,BS_3,DC_1,metro_core,base_station,data_center,True,0.8028932872586945,0.00664914308323604,0.02977250995580253,0.0,20.642109847228642,24.828668192905088,0.900043157011817,5.761580490389354,False,True
6,SAT_1,SAT_2,inter_satellite,satellite,satellite,True,0.30912671210476006,0.03798192089181261,0.08737835986328835,0.06100518698973276,6.656434772818357,9.133970323272479,0.9084677772110097,14.209083769991784,True,True
6,SAT_1,UAV_1,satellite_aerial,satellite,uav,True,0.25754984591484925,0.02881684091750185,0.11819932080304564,0.0,5.580828514067493,7.682849795585121,0.7275776902790354,31.916506887746017,True,True
6,SAT_1,GW_1,satellite_gateway,satellite,gateway,True,0.1958483290003678,0.05828823915514764,0.09512831435404773,0.02137412616085427,5.212959896679983,7.020224869189899,0.758665741073186,33.69338570174052,True,True
6,SAT_2,UAV_2,satellite_aerial,satellite,uav,True,0.2806217909628107,0.039390748071982645,0.09957610836661515,0.024160914168829747,5.146456099296936,6.607766878092376,0.7288528759635409,28.185784992783837,True,True
6,SAT_2,GW_2,satellite_gateway,satellite,gateway,True,0.25202099379705534,0.09391963692402502,0.12418928261641868,0.0,4.9155726386415965,6.188413127417826,0.7907814969802822,27.693994297864037,True,True
6,UAV_1,GW_1,aerial_gateway,uav,gateway,True,0.40668892453613853,0.015190990373481926,0.09207687225985939,0.07385724700440488,14.256724280436629,18.758778513223813,0.8245356981814909,10.130824844864582,True,True
6,UAV_1,BS_2,aerial_access,uav,base_station,False,0.062460874058741095,0.069103019468375,0.14316370348618696,0.0,17.94159289721826,22.215946363171255,0.8664454480904527,15.988369605485845,True,True
6,UAV_2,GW_2,aerial_gateway,uav,gateway,False,0.07398832781784358,0.019809910738846755,0.10875271224339884,0.0007272101939257671,10.168059748168753,12.344365734905942,0.7606625411599416,14.116107749582154,True,True
6,UAV_2,BS_2,aerial_access,uav,base_station,True,0.4466973771319013,0.015434591139930344,0.07261610145150355,0.18372655206076477,18.25867208311282,22.063665976324963,0.8116189465273714,6.000456226010527,True,True
6,GW_1,BS_1,gateway_backhaul,gateway,base_station,True,0.8082014763376962,0.01582894682488782,0.027033800488466132,0.0,14.10535040887823,17.75030484626096,0.8580752999064916,7.592892053415478,False,True
6,GW_1,BS_2,gateway_backhaul,gateway,base_station,True,0.7640253689877184,0.010297741441341301,0.022279628459233636,0.0,18.068496574618003,21.668854485934073,0.9026413428788738,4.199370609595237,False,True
6,GW_2,BS_2,gateway_backhaul,gateway,base_station,True,0.7063313578821673,0.007110541315988108,0.03659075819520964,0.0,21.492598888550592,25.64094067559628,0.888208670495052,8.304663043341368,False,True
6,GW_2,BS_3,gateway_backhaul,gateway,base_station,True,0.75331167868716,0.004740410276189378,0.025696170338021948,0.0,23.531262974323454,29.786559962937922,0.9027191221066759,2.535493924797435,False,True
6,BS_1,BS_2,terrestrial_backhaul,base_station,base_station,True,0.7532031658546301,0.007963872922151548,0.03235541706667472,0.0,16.51546500807879,20.581353844418217,0.8980379859014677,2.4297032054541505,False,True
6,BS_1,DC_1,metro_core,base_station,data_center,True,0.9291845473390185,0.009212611728554773,0.015718390944201497,0.0,24.753273668046997,28.693104552919092,0.9317824500866062,5.197036590979471,False,True
6,BS_2,BS_3,terrestrial_backhaul,base_station,base_station,True,0.9256049199169706,0.007638989612138038,0.011765198858120886,0.0,24.539325665738186,28.748583117694434,0.9423718446551258,2.399863781327522,False,True
6,BS_2,DC_1,metro_core,base_station,data_center,True,0.9150599440162287,0.006853970118915213,0.012065906488200082,0.0,27.755260234351294,32.024864908999945,0.8991690993744683,1.8405993945689618,False,True
6,BS_3,DC_1,metro_core,base_station,data_center,True,0.8263683664107929,0.0063913093387937955,0.027225290788799074,0.0,20.26344613071314,24.373205265731592,0.9089716800034608,5.717058718270351,False,True
7,SAT_1,SAT_2,inter_satellite,satellite,satellite,False,0.0652696428761958,0.0582408643429724,0.12641202345229535,0.0,6.6109907677068325,9.071611987582882,0.8921046245297236,19.167290153428723,True,True
7,SAT_1,UAV_1,satellite_aerial,satellite,uav,True,0.2532593240161187,0.029986483227345397,0.11261757944977162,0.0,5.509356101698102,7.584457270644064,0.7150763399860962,30.248604888952755,True,True
7,SAT_1,GW_1,satellite_gateway,satellite,gateway,True,0.19227146354735586,0.053527731881406616,0.09413867129854289,0.022816836582734767,5.329854166130881,7.177644852026831,0.7675406636681241,31.767602514165343,True,True
7,SAT_2,UAV_2,satellite_aerial,satellite,uav,True,0.2881813288101595,0.038557442182298465,0.09750395072333015,0.03013702619981099,5.467401517870938,7.019843162356902,0.7164195825104143,29.005032400942927,True,True
7,SAT_2,GW_2,satellite_gateway,satellite,gateway,True,0.2503800509664878,0.09110447569291513,0.11795537095436048,0.0,4.706110710577296,5.92471303780109,0.794552506622627,29.956115854200117,True,True
7,UAV_1,GW_1,aerial_gateway,uav,gateway,True,0.4142727810063262,0.014706042803570908,0.08606282573470948,0.10283440157328866,14.384106709081415,18.9263863534556,0.8158850176105613,9.763362251890781,True,True
7,UAV_1,BS_2,aerial_access,uav,base_station,True,0.38931782861472486,0.03963858481264968,0.08452894283487809,0.09167930057715849,18.379098464386093,22.757681997764564,0.904792525541523,12.69826137636528,True,True
7,UAV_2,GW_2,aerial_gateway,uav,gateway,True,0.3139702272381976,0.015828388641474147,0.07567171560453356,0.10634494210994509,9.910092158848222,12.031184425079537,0.7864251627425818,10.749118000674478,True,True
7,UAV_2,BS_2,aerial_access,uav,base_station,True,0.46402246579208034,0.014738760282711882,0.0684532322210685,0.21831293655561812,19.042077317660166,23.010327997553965,0.7914847771255628,6.039872165554822,True,True
7,GW_1,BS_1,gateway_backhaul,gateway,base_station,True,0.802015534609269,0.015678028726429597,0.028668475402757496,0.0,14.748135345426329,18.55919142075767,0.8261502917286386,7.205258284882739,False,True
7,GW_1,BS_2,gateway_backhaul,gateway,base_station,True,0.7832423715903053,0.009648554059139603,0.023885620484309124,0.0,19.5984338517397,23.503649544485153,0.8983823832847181,4.014101888457629,False,True
7,GW_2,BS_2,gateway_backhaul,gateway,base_station,True,0.6995224345669041,0.006938946138914782,0.03267026867040283,0.0,21.570894847048898,25.73434873840917,0.876193636679644,7.598220118424976,False,True
7,GW_2,BS_3,gateway_backhaul,gateway,base_station,True,0.7850548895743132,0.004513164737703593,0.02537216108981607,0.0,24.16754636985683,30.591986069269627,0.899294101265997,2.656799712892861,False,True
7,BS_1,BS_2,terrestrial_backhaul,base_station,base_station,True,0.7704334907690302,0.008803661559386522,0.02920411459261419,0.0,16.897972913059938,21.05803013157411,0.8650917704995869,2.271677498296984,False,True
7,BS_1,DC_1,metro_core,base_station,data_center,True,0.9267260281801943,0.00901499173771348,0.025545645946017454,0.0,24.240277217130327,28.0984575175886,0.9198424710511284,5.148516787591032,False,True
7,BS_2,BS_3,terrestrial_backhaul,base_station,base_station,True,0.9269689496377239,0.00794393517388321,0.0163211151980676,0.0,24.751135182833526,28.996724553619703,0.924283806812274,2.389755959368526,False,True
7,BS_2,DC_1,metro_core,base_station,data_center,True,0.894057364675788,0.006411884129684443,0.014247377605387565,0.0,28.2468410413776,32.59206582169002,0.8969184156649677,1.7711867502992158,False,True
7,BS_3,DC_1,metro_core,base_station,data_center,True,0.8272529015641483,0.006202454091694178,0.023613382411795485,0.0,21.79011160911077,26.209503535880874,0.8922346741685628,5.20435532451707,False,True
8,SAT_1,SAT_2,inter_satellite,satellite,satellite,True,0.3191609863352681,0.03922426647745713,0.07912455384145213,0.08802716032394672,6.7535403782780525,9.267218788669327,0.9104417786392722,14.452227752188378,True,True
8,SAT_1,UAV_1,satellite_aerial,satellite,uav,False,0.023466662673100987,0.040903784746026205,0.16382739279688155,0.0,5.329785501875377,7.33725133291214,0.6911819247997026,42.07070782968531,True,True
8,SAT_1,GW_1,satellite_gateway,satellite,gateway,False,0.01574550020647577,0.0934294844392244,0.1495755453408368,0.0,5.145956515592332,6.929992292773781,0.7243764848589361,40.729483728568084,True,True
8,SAT_2,UAV_2,satellite_aerial,satellite,uav,True,0.28952800754021596,0.03520404439353731,0.10210066079939384,0.019217026559905353,5.422167194738495,6.961764776691022,0.7202219903202219,28.063200239637,True,True
8,SAT_2,GW_2,satellite_gateway,satellite,gateway,True,0.2605343029327303,0.08903849223256825,0.11832236397115145,0.0,4.776273462894333,6.0130437633164195,0.7814306975307497,30.059566542106943,True,True
8,UAV_1,GW_1,aerial_gateway,uav,gateway,True,0.4056103957968421,0.014523587340602365,0.08352030139292488,0.11145561493208637,13.826375712361603,18.192532486913258,0.8154040367326693,9.531182067447828,True,True
8,UAV_1,BS_2,aerial_access,uav,base_station,True,0.4036473757185176,0.03785862818235143,0.0829892570077122,0.10304721235107549,18.8987052512366,23.40107841037631,0.8922843217963813,12.82156546608726,True,True
8,UAV_2,GW_2,aerial_gateway,uav,gateway,True,0.3217995170368321,0.014458361877978916,0.07694040281271365,0.10574593475958087,10.717180983548605,13.011017341034936,0.7814595710709888,10.532923048323012,True,True
8,UAV_2,BS_2,aerial_access,uav,base_station,True,0.47114087415061645,0.014572079694057265,0.06500162796571017,0.24409950164525046,19.39624904869925,23.438306918273536,0.7974350964010343,5.548229759124663,True,True
8,GW_1,BS_1,gateway_backhaul,gateway,base_station,True,0.8321348005960116,0.015462285805720137,0.027490743130482588,0.0,15.311934432098713,19.268681463215554,0.8533507211324435,6.787530872250386,False,True
8,GW_1,BS_2,gateway_backhaul,gateway,base_station,True,0.7919175988870477,0.009028404087935578,0.02300389205714138,0.0,19.674033326975554,23.594313093681603,0.8920267602446891,4.004154131588137,False,True
8,GW_2,BS_2,gateway_backhaul,gateway,base_station,True,0.7201488072691459,0.006750331258644795,0.03590234731034896,0.0,22.322480948312098,26.631000406037817,0.8819719367544974,7.243319390036566,False,True
8,GW_2,BS_3,gateway_backhaul,gateway,base_station,True,0.7705716793417421,0.004551873321443558,0.022912580375511873,0.0,25.41559829841885,32.171806652955986,0.854566970120506,2.5106576098398943,False,True
8,BS_1,BS_2,terrestrial_backhaul,base_station,base_station,True,0.7581220034965724,0.008408269486696261,0.02893658342430926,0.0,16.79024412928713,20.923779947460467,0.8498345583208032,2.3474722325305235,False,True
8,BS_1,DC_1,metro_core,base_station,data_center,True,0.9520395602795297,0.008833378460585075,0.020409342689470356,0.0,25.42591254111243,29.47280334226096,0.9092917716293609,5.146390477834442,False,True
8,BS_2,BS_3,terrestrial_backhaul,base_station,base_station,True,0.925796313821121,0.007313948897798691,0.01360581305448995,0.0,25.84027340293833,30.272683847442405,0.9421092158873438,2.33106958694422,False,True
8,BS_2,DC_1,metro_core,base_station,data_center,True,0.8955486425950622,0.006717769868455528,0.020366067042378554,0.0,28.254799919213955,32.60124901742965,0.8915084704669903,1.668539510738285,False,True
8,BS_3,DC_1,metro_core,base_station,data_center,True,0.8552562133745991,0.006456821733048626,0.019293883561005733,0.0,22.50825618888085,27.073299611844416,0.8715195021720968,5.23295344342098,False,True
9,SAT_1,SAT_2,inter_satellite,satellite,satellite,True,0.3211058218329854,0.03629414631798214,0.08365266366420288,0.07564909556420087,6.647914176619684,9.122278347692236,0.8891225364664721,14.674748163371692,True,True
9,SAT_1,UAV_1,satellite_aerial,satellite,uav,True,0.2622044347262214,0.02583166655598237,0.11182871110507658,0.0,5.2940400646918215,7.288042362583355,0.7011557597742434,33.77879070679392,True,True
9,SAT_1,GW_1,satellite_gateway,satellite,gateway,True,0.20017632511030783,0.051391749494982486,0.09240236123360951,0.026822888519701875,5.106342212427034,6.876644229146096,0.7650734671523847,33.83280355827295,True,True
9,SAT_2,UAV_2,satellite_aerial,satellite,uav,True,0.2924079648898991,0.03471524981045612,0.10410379319234181,0.014487588811447353,5.450321221955356,6.997913000816339,0.7052046151539392,29.6783790098396,True,True
9,SAT_2,GW_2,satellite_gateway,satellite,gateway,True,0.26346533003240263,0.0804575530333371,0.12132106569611834,0.0,4.949042785175229,6.23055004806001,0.7513545196345941,28.328683895313265,True,True
9,UAV_1,GW_1,aerial_gateway,uav,gateway,True,0.402401961440349,0.01415418135264118,0.08251430735450876,0.11496755604426158,13.58181636942222,17.870745065251842,0.8009075569105186,9.563824248403833,True,True
9,UAV_1,BS_2,aerial_access,uav,base_station,True,0.4037844031725748,0.03664004762223679,0.0872694322104112,0.0862103961097584,19.079419175088965,23.624845099453555,0.8854058050640365,13.196429991314217,True,True
9,UAV_2,GW_2,aerial_gateway,uav,gateway,True,0.34208133943287644,0.013167675719289739,0.07312068648116563,0.12919956158712434,10.908299834222364,13.24304203895989,0.7749644851202309,10.30789680361819,True,True
9,UAV_2,BS_2,aerial_access,uav,base_station,True,0.4908817978689521,0.01379528819483523,0.07559660007405612,0.1925259791759855,19.57377521484953,23.652828435181657,0.7823970154427278,5.7641491125518804,True,True
9,GW_1,BS_1,gateway_backhaul,gateway,base_station,True,0.8493489918592095,0.015589257797549399,0.028523941189634548,0.0,15.272733996772233,19.219351268858013,0.8335942475894552,6.953221848359365,False,True
9,GW_1,BS_2,gateway_backhaul,gateway,base_station,True,0.7995049059583541,0.008483145171103186,0.02428604110977844,0.0,21.07531952345031,25.274821848749482,0.8789289574400965,4.474384715682588,False,True
9,GW_2,BS_2,gateway_backhaul,gateway,base_station,True,0.7374760996534593,0.005684102712657623,0.03719182464088641,0.0,23.18162419030529,27.65596909474871,0.8657000495595486,7.254617038963941,False,True
9,GW_2,BS_3,gateway_backhaul,gateway,base_station,True,0.7703788885158143,0.004793446403089171,0.031658165949358594,0.0,24.76704078541697,31.350843610236012,0.8707465331045084,2.5318932912074454,False,True
9,BS_1,BS_2,terrestrial_backhaul,base_station,base_station,True,0.8040555374457056,0.008494581176057723,0.027109676643209846,0.0,17.92828153288024,22.341987093312877,0.8570085621496556,2.4436386899982385,False,True
9,BS_1,DC_1,metro_core,base_station,data_center,True,0.9340294265954041,0.008435614277840685,0.023918630688172175,0.0,25.18574586991638,29.19441077491136,0.9040178473126987,4.8490953616535855,False,True
9,BS_2,BS_3,terrestrial_backhaul,base_station,base_station,True,0.9554379631444502,0.007635035951007328,0.009352627988609443,0.0,25.014603433642787,29.305385802524306,0.9049685704766071,2.204792270365356,False,True
9,BS_2,DC_1,metro_core,base_station,data_center,True,0.9127449031094572,0.006550283795939652,0.022975163435943143,0.0,28.62467398239284,33.02802098089287,0.8837622020543696,1.7373676293484204,False,True
9,BS_3,DC_1,metro_core,base_station,data_center,True,0.8784852621718665,0.006687138185961099,0.023881974121402805,0.0,22.91633620216532,27.564144943110623,0.8887760796534836,5.277994565056011,False,True
10,SAT_1,SAT_2,inter_satellite,satellite,satellite,True,0.33521459356508654,0.032436976480293485,0.08115511114213551,0.08925821652524102,6.547791792690529,8.984890254108171,0.8827170616928898,13.54725321157199,True,True
10,SAT_1,UAV_1,satellite_aerial,satellite,uav,True,0.26395854755331744,0.023399954501398843,0.11007038502366612,0.0,5.302720611608904,7.29999244095243,0.6898218953271937,33.99896705867812,True,True
10,SAT_1,GW_1,satellite_gateway,satellite,gateway,False,0.027224979955088675,0.07999413496290611,0.13293271599497078,0.0,4.916563042962479,6.621071105328708,0.7045156993261409,43.57573294904578,True,True
10,SAT_2,UAV_2,satellite_aerial,satellite,uav,True,0.30295000372805503,0.031135794790657423,0.10055836744732877,0.02472977604584227,5.220053442936876,6.702261823786367,0.6901563923097834,29.243569423386855,True,True
10,SAT_2,GW_2,satellite_gateway,satellite,gateway,True,0.28421914548995014,0.07583695347717767,0.11814762376153498,0.0,5.207732078107581,6.556224457531741,0.7433046917821209,27.07434297694901,True,True
10,UAV_1,GW_1,aerial_gateway,uav,gateway,True,0.40787381516382576,0.014136871868613022,0.08634195986017007,0.09972526611154651,13.01556434049329,17.125679355598088,0.7949070710003354,9.159388102004089,True,True
10,UAV_1,BS_2,aerial_access,uav,base_station,True,0.4193446406967529,0.03457793249395169,0.08636251190097187,0.09523834904409328,19.274597635744314,23.86652231496088,0.863809561241767,13.15662225949263,True,True
10,UAV_2,GW_2,aerial_gateway,uav,gateway,True,0.3396197118857125,0.01325924174223872,0.07878238069341352,0.10667894593783793,11.119160706620463,13.499034213723837,0.7794419923437204,11.076278686463082,True,True
10,UAV_2,BS_2,aerial_access,uav,base_station,True,0.4968805647001853,0.012971167311405477,0.07519925788284294,0.19904078447164858,19.914136132161836,24.064118454345746,0.7848718933583336,5.331750379555245,True,True
10,GW_1,BS_1,gateway_backhaul,gateway,base_station,True,0.85099113395549,0.014791309599913538,0.02485028396452542,0.0,15.907381076541368,20.017997088291246,0.8332324719709002,7.216644781986428,False,True
10,GW_1,BS_2,gateway_backhaul,gateway,base_station,True,0.7928079914323897,0.010091292562113345,0.025886372865338448,0.0,21.352741814765704,25.607523755454455,0.8812716155666973,4.221078058446864,False,True
10,GW_2,BS_2,gateway_backhaul,gateway,base_station,True,0.7320923815573154,0.0057912889841345025,0.03712200235332114,0.0,23.96528334421494,28.590884317401915,0.8654239636614393,6.47388285815956,False,True
10,GW_2,BS_3,gateway_backhaul,gateway,base_station,True,0.7696792848764692,0.004900160932007364,0.03180391290418634,0.0,25.98252753883178,32.88944224407275,0.8645213008920266,2.4159214896330834,False,True
10,BS_1,BS_2,terrestrial_backhaul,base_station,base_station,True,0.7989900985523353,0.008638070811871356,0.02598885395411399,0.0,17.65342918844741,21.99946974045767,0.815548027391042,2.4670801426981357,False,True
10,BS_1,DC_1,metro_core,base_station,data_center,True,0.9724472343514389,0.008896061375239846,0.022287760299347016,0.0,25.443819229960567,29.4935601319368,0.8605632917193329,4.780565410741896,False,True
10,BS_2,BS_3,terrestrial_backhaul,base_station,base_station,True,0.948948253258751,0.007043065386033844,0.01653679542915957,0.0,26.734804266339633,31.32065457117508,0.9061574692644261,2.313372525697114,False,True
10,BS_2,DC_1,metro_core,base_station,data_center,True,0.9014629101418746,0.007018445664211605,0.018959189164055115,0.0,28.533597078707157,32.92293367447828,0.8747765239794937,1.6878632640173106,False,True
10,BS_3,DC_1,metro_core,base_station,data_center,True,0.866188511843772,0.007044696199516411,0.024426717091821797,0.0,22.854413008419836,27.489662710319003,0.8653886644859016,4.974095611235543,False,True
11,SAT_1,SAT_2,inter_satellite,satellite,satellite,True,0.3268100806975713,0.031437788441183494,0.08079085863472232,0.08804072239645902,6.622099897602542,9.086855953196299,0.879527709817151,15.228537050071793,True,True
11,SAT_1,UAV_1,satellite_aerial,satellite,uav,True,0.27314584275410597,0.024479560673748978,0.1120557600910685,0.0,5.1793601159799305,7.130168165535735,0.6799991219550211,32.603360776797686,True,True
11,SAT_1,GW_1,satellite_gateway,satellite,gateway,True,0.20474052452623562,0.047526419200612464,0.09326864098752828,0.02650624458514085,4.773962042176819,6.429032203835445,0.7319628560497049,36.20239539220314,True,True
11,SAT_2,UAV_2,satellite_aerial,satellite,uav,True,0.32182826420973143,0.029712146710735177,0.09923293246699913,0.030611228999856552,5.516066676361494,7.082326552127766,0.6761274062533529,28.83622192203314,True,True
11,SAT_2,GW_2,satellite_gateway,satellite,gateway,False,0.024548891601401494,0.12963788863758444,0.15325222013161216,0.0,5.2604331447741925,6.622571961019902,0.6954827711324334,35.24362735570234,True,True
11,UAV_1,GW_1,aerial_gateway,uav,gateway,True,0.41108878726050124,0.01248152212134871,0.08204814964009566,0.12119988015101292,12.693099712652028,16.70138535839117,0.7805875561630973,9.565048571013262,True,True
11,UAV_1,BS_2,aerial_access,uav,base_station,True,0.42101174991137097,0.03179946324320863,0.08540308308952826,0.10099361145291073,19.680028151521256,24.36854143021401,0.8615660672666569,13.47429897497713,True,True
11,UAV_2,GW_2,aerial_gateway,uav,gateway,True,0.3447379817976915,0.012306997540788189,0.08016786197534842,0.10386383925066586,11.688138702499742,14.189792593414966,0.7681530383848894,10.967173771115993,True,True
11,UAV_2,BS_2,aerial_access,uav,base_station,True,0.5077199336871114,0.01140848527711961,0.07858335504644806,0.18482896585954084,21.23215248025204,25.656801225755714,0.753757802083395,5.449022829265249,True,True
11,GW_1,BS_1,gateway_backhaul,gateway,base_station,True,0.8635971557141762,0.014447022763153624,0.027556752124347737,0.0,16.43116414979953,20.677130605299936,0.7982539401003903,7.047070950487858,False,True
11,GW_1,BS_2,gateway_backhaul,gateway,base_station,True,0.8117624681200811,0.00933866782459668,0.024594424632768206,0.0,21.745057603813056,26.078013024458905,0.8530380828257236,4.59024430423871,False,True
11,GW_2,BS_2,gateway_backhaul,gateway,base_station,True,0.7384944529186006,0.005658708640082135,0.038784319769530055,0.0,23.803371293572965,28.397721205453337,0.8553176088165336,6.861511883880754,False,True
11,GW_2,BS_3,gateway_backhaul,gateway,base_station,True,0.7563638086353389,0.005095358222275698,0.033705440322037344,0.0,25.121071614313447,31.798986173818783,0.8457916455041499,2.338245165759401,False,True
11,BS_1,BS_2,terrestrial_backhaul,base_station,base_station,True,0.814279978623041,0.008224889537396668,0.0271665406453586,0.0,18.374260710209665,22.897760439771453,0.8192100783064217,2.4558384817325645,False,True
11,BS_1,DC_1,metro_core,base_station,data_center,True,0.9461344032139299,0.009010455536829954,0.026560840813550767,0.0,25.480763298721,29.53638436770331,0.8498155132630714,4.791166785922462,False,True
11,BS_2,BS_3,terrestrial_backhaul,base_station,base_station,True,0.9431311481058708,0.007770369711513928,0.016862761183706998,0.0,26.158672727915746,30.645698557928572,0.8730666413624453,2.3173858527936075,False,True
11,BS_2,DC_1,metro_core,base_station,data_center,True,0.8741866661623751,0.006791965339780691,0.015884220338668452,0.0,28.450376175667323,32.82691086096644,0.8679488755225452,1.6966083456048067,False,True
11,BS_3,DC_1,metro_core,base_station,data_center,True,0.9015040596534588,0.0064063243879316015,0.022270472337268834,0.0,23.645997334336805,28.44179331713948,0.8594230565098785,4.954164042644801,False,True
12,SAT_1,SAT_2,inter_satellite,satellite,satellite,True,0.34698532511087476,0.030593092303391595,0.07997735297634727,0.09799420786317871,6.5173510007405335,8.943119351248344,0.8531457314533244,15.032178023778805,True,True
12,SAT_1,UAV_1,satellite_aerial,satellite,uav,True,0.27562801699390843,0.020507435836924093,0.11304453975857943,0.0,5.399418503598016,7.433111632454087,0.6758959137218218,33.357682925835036,True,True
12,SAT_1,GW_1,satellite_gateway,satellite,gateway,True,0.21404305825366493,0.047073791512661466,0.0921949855155072,0.029789207898102844,4.8745960198947635,6.564554664599234,0.7343962168189412,35.30321043885969,True,True
12,SAT_2,UAV_2,satellite_aerial,satellite,uav,True,0.32748627449678674,0.02944298884801636,0.09956822794459297,0.030307279737771527,5.376034692847098,6.902533178845827,0.6571456067601863,28.658776520697486,True,True
12,SAT_2,GW_2,satellite_gateway,satellite,gateway,True,0.29910458407059576,0.06533901386322671,0.11782495606276491,0.0,5.172951307578971,6.512437539354811,0.7653798933341651,26.24344716803458,True,True
12,UAV_1,GW_1,aerial_gateway,uav,gateway,True,0.4018806739264304,0.01259340325845658,0.08276133100344167,0.11437875887594606,12.03608171328944,15.836891180990502,0.7964110246381011,9.638289352318177,True,True
12,UAV_1,BS_2,aerial_access,uav,base_station,True,0.42975546089447875,0.03791359955153886,0.08773726722403485,0.09113159931212125,19.003670397719052,23.5310501513257,0.8284490935713922,13.16244663510527,True,True
12,UAV_2,GW_2,aerial_gateway,uav,gateway,True,0.35650469030005716,0.011887037058956811,0.08191399108680095,0.10167201410941878,11.777262063266827,14.29799134402036,0.7499039055659499,12.011105751458203,True,True
12,UAV_2,BS_2,aerial_access,uav,base_station,False,0.06707302123327961,0.017230625369880546,0.14834716517755486,0.0,20.92454997408391,25.285096267219814,0.7188827081061486,7.217042905453549,True,True
12,GW_1,BS_1,gateway_backhaul,gateway,base_station,True,0.8591629844995669,0.014611937949599675,0.03713241022370695,0.0,16.71362812043582,21.032585907120982,0.8095745792612412,7.4735060159549365,False,True
12,GW_1,BS_2,gateway_backhaul,gateway,base_station,True,0.8115949778978312,0.009034871105015564,0.03251570904751046,0.0,21.24131563486686,25.473894614359043,0.8518227536047076,4.606586635745124,False,True
12,GW_2,BS_2,gateway_backhaul,gateway,base_station,True,0.7463528323371823,0.006268015568685897,0.0376424332477554,0.0,23.87475902015561,28.482887660741643,0.8475252262729864,7.319908471849261,False,True
12,GW_2,BS_3,gateway_backhaul,gateway,base_station,True,0.7681685461724516,0.005073226286816647,0.03288653492124943,0.0,23.910357060631515,30.266428329788084,0.8467688511470793,2.278268761477616,False,True
12,BS_1,BS_2,terrestrial_backhaul,base_station,base_station,True,0.80009171769749,0.00830062108317756,0.0369612909790424,0.0,17.65046803058319,21.99577958473012,0.8114945774383556,2.632830336490843,False,True
12,BS_1,DC_1,metro_core,base_station,data_center,True,0.9494454385884005,0.009138843509415465,0.0340969472961095,0.0,24.194352919976676,28.04522372405405,0.85414124268002,4.558529792915626,False,True
12,BS_2,BS_3,terrestrial_backhaul,base_station,base_station,True,0.9730426215711252,0.007326698218931845,0.01820570631959846,0.0,25.476901252452905,29.84698207335206,0.8737603791376477,2.2975499401686346,False,True
12,BS_2,DC_1,metro_core,base_station,data_center,True,0.8648643485360404,0.007236868128022428,0.02656322638845325,0.0,27.686338097048722,31.945340447052274,0.838289460776259,1.5690062906147644,False,True
12,BS_3,DC_1,metro_core,base_station,data_center,True,0.8938750656305442,0.005714576891479766,0.02425219692619995,0.0,24.502308859769627,29.471778860869474,0.8509595280972604,5.193023113812488,False,True
13,SAT_1,SAT_2,inter_satellite,satellite,satellite,True,0.35176195193622467,0.026403141588402214,0.08316683053943101,0.08983145197470128,6.276338828208483,8.612402066907991,0.8637115006918245,14.07514410232748,True,True
13,SAT_1,UAV_1,satellite_aerial,satellite,uav,True,0.2839354464325245,0.0211482648279072,0.11047919193010874,0.0,5.280961285638875,7.270037456193532,0.6819844819501518,33.15744100103334,True,True
13,SAT_1,GW_1,satellite_gateway,satellite,gateway,True,0.21370471838403468,0.042016242750471874,0.0929561393599501,0.02899142983890894,4.743362601770675,6.387824337905129,0.7346630054329432,34.619543496777936,True,True
13,SAT_2,UAV_2,satellite_aerial,satellite,uav,True,0.32366595829956296,0.028025725859782545,0.10320519371100838,0.019419599488347716,5.272169044397361,6.7691753927585205,0.6649848889325135,28.11810446315303,True,True
13,SAT_2,GW_2,satellite_gateway,satellite,gateway,True,0.3107809348605782,0.058363331017782454,0.11914805852751716,0.0,5.397512370599736,6.795146540414072,0.7263964899459516,28.461602427126067,True,True
13,UAV_1,GW_1,aerial_gateway,uav,gateway,True,0.4019846770340637,0.011435721557819342,0.08134629113533026,0.12137579962997555,11.974258109612517,15.755544634234587,0.7900256664066845,9.873306926533438,True,True
13,UAV_1,BS_2,aerial_access,uav,base_station,True,0.4285764314526518,0.03392009615473473,0.08970994497415205,0.08365992352317729,18.177400183428198,22.507931698726225,0.82885002144569,13.222235727178084,True,True
13,UAV_2,GW_2,aerial_gateway,uav,gateway,True,0.351238109553403,0.011966865581511485,0.0842178132151956,0.09102101622008012,12.319935833361333,14.956815510941027,0.7315721721153947,11.408371869551964,True,True
13,UAV_2,BS_2,aerial_access,uav,base_station,True,0.531556307643588,0.011649290340857297,0.07417415980385852,0.22804937914604037,21.21801627173774,25.63971911915938,0.7334815139378271,5.924822218001403,True,True
13,GW_1,BS_1,gateway_backhaul,gateway,base_station,True,0.8741423493044557,0.014281165033575027,0.03329928791376537,0.0,16.276920965961754,20.483029540511414,0.7968153038118702,7.901784169365839,False,True
13,GW_1,BS_2,gateway_backhaul,gateway,base_station,True,0.8237044737048085,0.008703979655314926,0.028409143538537417,0.0,21.372200272394167,25.63085953688655,0.8294759405804084,4.686118587424684,False,True
13,GW_2,BS_2,gateway_backhaul,gateway,base_station,True,0.7561804802466542,0.0057422577757368426,0.0365052885104029,0.0,24.502977248085653,29.23235990452243,0.8085767404604162,7.172389287838499,False,True
13,GW_2,BS_3,gateway_backhaul,gateway,base_station,True,0.7689738879748652,0.004854924244281669,0.0342211281101164,0.0,24.187811177090403,30.617637854150818,0.837811797300106,2.4627237763648977,False,True
13,BS_1,BS_2,terrestrial_backhaul,base_station,base_station,True,0.8158274578625235,0.007089167207395886,0.03839433589423875,0.0,17.84816876324706,22.242151620410947,0.7946468025803153,2.605334856393254,False,True
13,BS_1,DC_1,metro_core,base_station,data_center,True,0.9477751617479723,0.009189669173202845,0.027822677237419297,0.0,23.441660556930007,27.17272980835188,0.8432010102787426,4.745337403913592,False,True
13,BS_2,BS_3,terrestrial_backhaul,base_station,base_station,True,0.961780094888345,0.00757697797744326,0.021200673200046805,0.0,24.97830623609259,29.26286250685901,0.8712275222894428,2.2876996984236544,False,True
13,BS_2,DC_1,metro_core,base_station,data_center,True,0.8860635757367421,0.007201772841764237,0.021927234821362933,0.0,26.549732710641447,30.633890521986004,0.8471232336914702,1.5474724193620983,False,True
13,BS_3,DC_1,metro_core,base_station,data_center,True,0.9260268245742507,0.00568768936191949,0.022596367789475994,0.0,24.31562011629484,29.247226579082824,0.8588355731437662,5.121350592149842,False,True
14,SAT_1,SAT_2,inter_satellite,satellite,satellite,True,0.35930455535838374,0.02643679005432405,0.07948000143640847,0.1059559480631764,6.422804118810622,8.813381970326017,0.8743544962993438,15.253155672178762,True,True
14,SAT_1,UAV_1,satellite_aerial,satellite,uav,True,0.2815964252128204,0.01903755821187121,0.11293050179334269,0.0,5.132989199904859,7.0663316254610065,0.6817271830388792,34.179389709046035,True,True
14,SAT_1,GW_1,satellite_gateway,satellite,gateway,True,0.21291456896804023,0.03887478244142098,0.09799721759076543,0.020338544434268076,4.800820666355219,6.465202361509114,0.7170309685372844,34.68813859419193,True,True
14,SAT_2,UAV_2,satellite_aerial,satellite,uav,True,0.3070109802581557,0.027733221344844846,0.10649718679557295,0.009358642411529002,5.24726455514454,6.737199396844928,0.6719811126114632,27.810356581756853,True,True
14,SAT_2,GW_2,satellite_gateway,satellite,gateway,True,0.31922817670851295,0.065149842318495,0.12031194558003389,0.0,5.7693468726716945,7.263264028041084,0.7149370083515342,27.125180771298723,True,True
14,UAV_1,GW_1,aerial_gateway,uav,gateway,True,0.41566303156059137,0.010392437560429119,0.08224293123827078,0.12308885981674354,11.811456216254042,15.541332407149868,0.7817301743191581,9.95309881630152,True,True
14,UAV_1,BS_2,aerial_access,uav,base_station,True,0.4232011046993446,0.032599190196352074,0.09021006048948368,0.08055527966775103,18.169003865251923,22.497535065867545,0.8022929241267671,12.764767599053547,True,True
14,UAV_2,GW_2,aerial_gateway,uav,gateway,True,0.36196220487936553,0.011533832661484241,0.08003840738587914,0.11127006981190142,12.110515160048003,14.702571786193483,0.7251439415985291,12.135931550588287,True,True
14,UAV_2,BS_2,aerial_access,uav,base_station,True,0.5356967845205984,0.012204478453691105,0.07989603280931741,0.19044281295770457,21.889800999477806,26.451499613019166,0.7599499590697824,6.231797632222114,True,True
14,GW_1,BS_1,gateway_backhaul,gateway,base_station,True,0.8851471150096741,0.015449753478675027,0.03309557491455401,0.0,16.228831365921145,20.422513138159704,0.7911751669764291,7.895466026979654,False,True
14,GW_1,BS_2,gateway_backhaul,gateway,base_station,True,0.8201573661917355,0.009298118830061215,0.031067606123659327,0.0,20.741736547617098,24.874768588509284,0.8330757828550589,4.422613125033639,False,True
14,GW_2,BS_2,gateway_backhaul,gateway,base_station,True,0.7662738698651009,0.005640117205738808,0.03699125860985634,0.0,23.618547386170523,28.177223960345277,0.8178639618772158,7.912759616920243,False,True
14,GW_2,BS_3,gateway_backhaul,gateway,base_station,True,0.74134401969022,0.0050003421241552925,0.03399910622497506,0.0,23.55904047047651,29.82172152888048,0.8303138206862437,2.3734583429276332,False,True
14,BS_1,BS_2,terrestrial_backhaul,base_station,base_station,True,0.7903397535793656,0.008568524843907866,0.04064781762241039,0.0,17.11019622202192,21.322500009572895,0.7716593979935576,2.5959314894221985,False,True
14,BS_1,DC_1,metro_core,base_station,data_center,True,0.9462306332944678,0.00835425948778903,0.029359738836717025,0.0,22.84617621175992,26.48246577278523,0.8515427193295675,4.428511690356586,False,True
14,BS_2,BS_3,terrestrial_backhaul,base_station,base_station,True,0.9415675696207404,0.007029993242455424,0.022971589714779896,0.0,23.687548460941933,27.750699634529617,0.8828576438483334,2.345704326535727,False,True
14,BS_2,DC_1,metro_core,base_station,data_center,True,0.8740639353555092,0.006026440664944519,0.020600599914058573,0.0,25.226244908944608,29.10680997220275,0.8483849446118996,1.6467406442964252,False,True
14,BS_3,DC_1,metro_core,base_station,data_center,True,0.9292080940552305,0.0063321513489887,0.028429831672850694,0.0,24.83505417574684,29.87201038295154,0.8483983015935421,5.557498535825326,False,True
15,SAT_1,SAT_2,inter_satellite,satellite,satellite,True,0.3628903538485829,0.02526692133332742,0.08510986266521689,0.08660632210150354,6.379251568231901,8.753619091537912,0.86639101705504,13.662677568137852,True,True
15,SAT_1,UAV_1,satellite_aerial,satellite,uav,True,0.29344790663381115,0.01895244157269508,0.11735107959319412,0.0,5.286501732151514,7.277664714090776,0.6645126868594504,32.91750296409063,True,True
15,SAT_1,GW_1,satellite_gateway,satellite,gateway,True,0.2208713794592829,0.03722827999072905,0.09664068367884009,0.02383023364380808,4.7568190662565115,6.405945982519161,0.7297600859145016,37.626815831217165,True,True
15,SAT_2,UAV_2,satellite_aerial,satellite,uav,True,0.32024854076559267,0.0271749291179767,0.09608311848564381,0.04002601147939151,4.9341525484518405,6.335180783057529,0.6702447183656252,26.726085946653637,True,True
15,SAT_2,GW_2,satellite_gateway,satellite,gateway,True,0.3218985382312671,0.06758749685925944,0.12145746007239426,0.0,5.655718110991248,7.120212186042502,0.6898934515492785,27.743148060817145,True,True
15,UAV_1,GW_1,aerial_gateway,uav,gateway,True,0.4122984699129117,0.010391478106921329,0.08608265187749126,0.10387489227981202,11.914460336653574,15.67686364437634,0.7836356328702406,10.508990907497202,True,True
15,UAV_1,BS_2,aerial_access,uav,base_station,True,0.41677428040479225,0.03186515938873552,0.0878008475413808,0.08935130494065727,18.407394807137354,22.79271957979182,0.8303978057821084,12.792228385084547,True,True
15,UAV_2,GW_2,aerial_gateway,uav,gateway,True,0.3701481679502725,0.011731630620081325,0.08129883108002306,0.10919623965053131,12.152444667871304,14.75347561568255,0.706229626781666,11.570031365338375,True,True
15,UAV_2,BS_2,aerial_access,uav,base_station,True,0.5384918159534829,0.011010046302401648,0.0821917296445785,0.17706376019916584,21.098182133140355,25.494912290133808,0.741310517784924,6.06338709709234,True,True
15,GW_1,BS_1,gateway_backhaul,gateway,base_station,True,0.89880940445997,0.013673071285609685,0.03282787281888913,0.0,15.60676839476347,19.639703278670527,0.7855047742237913,8.315440665864744,False,True
15,GW_1,BS_2,gateway_backhaul,gateway,base_station,True,0.8217223382081927,0.008711839047812305,0.02730619504592714,0.0,20.519918102626498,24.608750240665692,0.8187721143145625,4.986083310359289,False,True
15,GW_2,BS_2,gateway_backhaul,gateway,base_station,True,0.7932439766418166,0.006140736911034154,0.03628733155130617,0.0,23.375126505037375,27.886819788904596,0.8216310509554556,8.133393628801642,False,True
15,GW_2,BS_3,gateway_backhaul,gateway,base_station,True,0.7398828525807464,0.0049932185599483765,0.034237807959020296,0.0,21.172360522763157,26.800592342041785,0.8398952527668743,2.457012301522177,False,True
15,BS_1,BS_2,terrestrial_backhaul,base_station,base_station,True,0.80099263144813,0.007978572468620496,0.04126335539124433,0.0,16.891051355194495,21.04940457779687,0.7666109915203241,2.642553054778063,False,True
15,BS_1,DC_1,metro_core,base_station,data_center,True,0.9175563127859351,0.008675365391150493,0.030474584880890308,0.0,22.246302890711434,25.787114194235453,0.8477457037845672,5.016981633826909,False,True
15,BS_2,BS_3,terrestrial_backhaul,base_station,base_station,True,0.9042235107020102,0.007626467631050262,0.019714896324861203,0.0,23.39238967219436,27.404911934948494,0.8836894703395897,2.3994455819632576,False,True
15,BS_2,DC_1,metro_core,base_station,data_center,True,0.8533498056249328,0.006622277829100201,0.01750741167180854,0.0,25.127017607811542,28.99231848888608,0.8230344326990224,1.7672519164435525,False,True
15,BS_3,DC_1,metro_core,base_station,data_center,True,0.946591063107618,0.005753545677386029,0.025824877234699815,0.0,24.87262227804302,29.917197912397533,0.8288083915585642,5.737486876300048,False,True
16,SAT_1,SAT_2,inter_satellite,satellite,satellite,True,0.36976269905716225,0.023936905997939458,0.0814851670006829,0.10313002962301632,6.376433170630911,8.749751681892175,0.8540824767413923,14.239228689910817,True,True
16,SAT_1,UAV_1,satellite_aerial,satellite,uav,True,0.2835110107155089,0.019341773216242125,0.12154702999289685,0.0,5.340617602887205,7.352163349082266,0.6822574902775047,33.676130722705956,True,True
16,SAT_1,GW_1,satellite_gateway,satellite,gateway,True,0.22223784690679724,0.03871963969205445,0.10116871917953392,0.015606742641322627,5.017938243073857,6.757591760589119,0.7436623875958386,34.99963424571938,True,True
16,SAT_2,UAV_2,satellite_aerial,satellite,uav,True,0.3184247560105935,0.026019793053252836,0.09753376666635385,0.03564628131991742,4.860744890178708,6.240929382952943,0.6803285674586681,25.587865109592425,True,True
16,SAT_2,GW_2,satellite_gateway,satellite,gateway,True,0.3279715590804974,0.06655677268002268,0.11977327361548018,0.0,5.863012304067963,7.381183226443591,0.7118140383470164,28.537744047369006,True,True
16,UAV_1,GW_1,aerial_gateway,uav,gateway,True,0.41606388281253737,0.011164184061387987,0.09132289166352103,0.08075291672674048,11.676553745196362,15.363829810783454,0.7699739936393211,10.180486546587781,True,True
16,UAV_1,BS_2,aerial_access,uav,base_station,True,0.4140811683850132,0.032114950677261236,0.09292321932807417,0.06720097106730755,17.945581741020835,22.22088549764369,0.8251797223402042,12.651280613808249,True,True
16,UAV_2,GW_2,aerial_gateway,uav,gateway,True,0.37413098142277207,0.011115907481588794,0.08510965590144004,0.09526969126274071,11.478092748136504,13.934789756490828,0.7178654294290321,12.20589190682293,True,True
16,UAV_2,BS_2,aerial_access,uav,base_station,True,0.5212918316392307,0.011784890593297346,0.08604894950490752,0.14337597307949443,21.058283494609125,25.446699023065094,0.745933695998725,6.260836065981376,True,True
16,GW_1,BS_1,gateway_backhaul,gateway,base_station,True,0.8792465732057553,0.014932148463932189,0.036717209216092735,0.0,15.143002237761367,19.05609561026515,0.797324164099938,8.2901781516239,False,True
16,GW_1,BS_2,gateway_backhaul,gateway,base_station,True,0.8300474785857931,0.009646170361770188,0.03149297352612277,0.0,19.48673287424753,23.369690849182604,0.8327097793449715,4.594580861114211,False,True
16,GW_2,BS_2,gateway_backhaul,gateway,base_station,True,0.7860121570643717,0.006325179773961356,0.037481477870680145,0.0,22.90489069221435,27.325822552476428,0.829708363317825,8.40120786053277,False,True
16,GW_2,BS_3,gateway_backhaul,gateway,base_station,True,0.7254066409494605,0.005046950718441407,0.04039193302733992,0.0,20.576321559188422,26.046108813123734,0.8361976083105008,2.5903168038464552,False,True
16,BS_1,BS_2,terrestrial_backhaul,base_station,base_station,True,0.7741650499756201,0.008661680848129813,0.03972175779678592,0.0,16.109536106909445,20.075490621883734,0.7856231613674061,2.746288693436976,False,True
16,BS_1,DC_1,metro_core,base_station,data_center,True,0.8944059817094007,0.008880014424624804,0.03388196850230933,0.0,21.933676199680917,25.42472857801084,0.8571998769317319,5.216858441090902,False,True
16,BS_2,BS_3,terrestrial_backhaul,base_station,base_station,True,0.9066576387150795,0.0067966657036775645,0.01747696545100449,0.0,22.626478254203192,26.50762289119726,0.8638330224497501,2.438350233913298,False,True
16,BS_2,DC_1,metro_core,base_station,data_center,True,0.8286805405540858,0.00686165204429912,0.0289352672238898,0.0,22.592488875787275,26.067902015550384,0.8550041741215878,1.8407523178390053,False,True
16,BS_3,DC_1,metro_core,base_station,data_center,True,0.9701406166056336,0.006362491268644036,0.029077511905176812,0.0,24.906864169096835,29.95838462042132,0.8553114140909802,5.95344461780497,False,True
17,SAT_1,SAT_2,inter_satellite,satellite,satellite,True,0.36709159708128997,0.025857614449040785,0.0835135160432539,0.09368471457261622,6.331457641199006,8.688036189271108,0.8500756138639513,13.669964062974556,True,True
17,SAT_1,UAV_1,satellite_aerial,satellite,uav,False,0.05836861076309467,0.0307876009732703,0.15820132171988127,0.0,5.240232219484432,7.213967771058024,0.6412188491479553,38.06678226655755,True,True
17,SAT_1,GW_1,satellite_gateway,satellite,gateway,True,0.2314115586499671,0.03677699891112525,0.10199337966203521,0.014906950385250294,5.032720876106908,6.777499339029695,0.7247368562535108,34.86725435970535,True,True
17,SAT_2,UAV_2,satellite_aerial,satellite,uav,True,0.3194251659863952,0.028486637701229257,0.0953024841315363,0.04199736615592309,4.8021381756633135,6.165681581449002,0.6855918865998645,28.178756020031546,True,True
17,SAT_2,GW_2,satellite_gateway,satellite,gateway,True,0.3144949600432687,0.06829399458746303,0.12412978907287579,0.0,5.589217199049175,7.036491499420463,0.695690022665338,29.649960375551725,True,True
17,UAV_1,GW_1,aerial_gateway,uav,gateway,True,0.4270786464828748,0.011693524252033237,0.08992729938118588,0.0899860683440771,11.788033256595341,15.510512837119697,0.7758192472950957,9.98030975323538,True,True
17,UAV_1,BS_2,aerial_access,uav,base_station,True,0.40955888589900885,0.03238577981811661,0.08605376946726832,0.09441537853729631,17.565725128092332,21.750532938266204,0.8306472198505266,12.48113242184169,True,True
17,UAV_2,GW_2,aerial_gateway,uav,gateway,True,0.36698642506250084,0.012513596444039177,0.08130116342457382,0.1076666947606736,11.10962640005175,13.487459245615089,0.709757244715151,12.825845545299925,True,True
17,UAV_2,BS_2,aerial_access,uav,base_station,True,0.5418531765003034,0.011255882697482846,0.08205316498702513,0.17951782470266128,20.49248460912505,24.76299116291663,0.757023714600299,6.06202926056706,True,True
17,GW_1,BS_1,gateway_backhaul,gateway,base_station,True,0.8653304726661732,0.014149358753962055,0.03706606306033779,0.0,15.225185561870603,19.159515873777345,0.7874568166627662,8.402595088813033,False,True
17,GW_1,BS_2,gateway_backhaul,gateway,base_station,True,0.8147064104181968,0.009412587730498736,0.026014034269906637,0.0,18.71097856169353,22.43935847503355,0.830641652587211,5.05420948900321,False,True
17,GW_2,BS_2,gateway_backhaul,gateway,base_station,True,0.7687576672783708,0.006127485063183822,0.0419985566797121,0.0,22.30881502411252,26.61469678666188,0.8042403347638594,9.152963848960463,False,True
17,GW_2,BS_3,gateway_backhaul,gateway,base_station,True,0.7212848436232538,0.00460739925160428,0.0372750090063696,0.0,19.88527860350724,25.17136645616551,0.8527833459251772,2.8879104456808435,False,True
17,BS_1,BS_2,terrestrial_backhaul,base_station,base_station,True,0.7841009860963469,0.008901705048891725,0.045773405243291085,0.0,15.55647071191898,19.386267848693056,0.7798268253856089,2.6674286156838267,False,True
17,BS_1,DC_1,metro_core,base_station,data_center,True,0.8837879330380215,0.008513722702586067,0.031780985518388906,0.0,20.103060487694293,23.302744685106507,0.8675043478715575,5.556709626782986,False,True
17,BS_2,BS_3,terrestrial_backhaul,base_station,base_station,True,0.8923668432741858,0.0074592557883670614,0.020881201333728484,0.0,21.010153057676064,24.614047660543665,0.8842321874378123,2.6507305927624225,False,True
17,BS_2,DC_1,metro_core,base_station,data_center,True,0.8176519563877663,0.00655911322039592,0.020527268053503772,0.0,21.319034700800195,24.5985517886954,0.8762764253583398,1.9704879750754147,False,True
17,BS_3,DC_1,metro_core,base_station,data_center,True,0.9537245719755413,0.005917019098900465,0.02911610527467937,0.0,24.107181588467203,28.996513300045365,0.8456643847221551,6.305775201399025,False,True
18,SAT_1,SAT_2,inter_satellite,satellite,satellite,True,0.3614839128123382,0.02610116381598427,0.08885945730947577,0.07225142385652882,6.6024534593997934,9.059897079621107,0.8678593894690777,14.96150644317901,True,True
18,SAT_1,UAV_1,satellite_aerial,satellite,uav,True,0.29779954447731866,0.020508267624737737,0.12649525310424714,0.0,5.456268513664816,7.511374221444194,0.6542756994390355,31.49678182131938,True,True
18,SAT_1,GW_1,satellite_gateway,satellite,gateway,True,0.22568316910714292,0.04165447252866883,0.10129590433918229,0.015466775764613595,5.144342573382684,6.927818817922224,0.7205947712587298,33.231367534362505,True,True
18,SAT_2,UAV_2,satellite_aerial,satellite,uav,True,0.30923816231947515,0.02847830366542275,0.09559455167645137,0.03954683377372312,4.597448902462403,5.9028718005703595,0.6932532932050659,28.07485847669772,True,True
18,SAT_2,GW_2,satellite_gateway,satellite,gateway,True,0.31921335837829673,0.06315549803028728,0.11712100948589743,0.0,5.800804577749611,7.3028674047732824,0.7075776275022182,29.961062570951,True,True
18,UAV_1,GW_1,aerial_gateway,uav,gateway,True,0.42748542444934395,0.012552185894155413,0.0882724771229251,0.09760620929898702,11.434692708717634,15.045592779257985,0.7723311684207337,10.90734783429551,True,True
18,UAV_1,BS_2,aerial_access,uav,base_station,True,0.4013772077858855,0.029829132168304438,0.08972150508778894,0.07792721534038996,16.950205065711717,20.988373147346877,0.8205341791725913,13.624917560944573,True,True
18,UAV_2,GW_2,aerial_gateway,uav,gateway,True,0.3574900085162552,0.012370127530565359,0.08007305755922182,0.10903825084636225,11.072839689773618,13.442798944918184,0.7244472919775424,11.859335747375287,True,True
18,UAV_2,BS_2,aerial_access,uav,base_station,True,0.5276536788613438,0.012080282430462993,0.073387596296698,0.2306124993763104,19.890040706007984,24.03500169099101,0.7614466509164411,6.200644695170887,True,True
18,GW_1,BS_1,gateway_backhaul,gateway,base_station,True,0.8782321309923211,0.015334632047924493,0.034281216994394216,0.0,14.695661631677766,18.493158008722318,0.7921489360166167,8.64701682696125,False,True
18,GW_1,BS_2,gateway_backhaul,gateway,base_station,True,0.7756212947742577,0.009096795119364589,0.03149776000945643,0.0,18.345362067615397,22.000888645785793,0.8496087290769943,4.915934062375842,False,True
18,GW_2,BS_2,gateway_backhaul,gateway,base_station,True,0.7651428724547742,0.006116946327504033,0.04384302694517519,0.0,21.602629399126055,25.772208457998996,0.8322002965894466,9.079289083290274,False,True
18,GW_2,BS_3,gateway_backhaul,gateway,base_station,True,0.6994530183110974,0.004768688677302691,0.03568817382493042,0.0,18.7527987778196,23.737840415873055,0.8593598507863499,2.8853713045669,False,True
18,BS_1,BS_2,terrestrial_backhaul,base_station,base_station,True,0.7953930361709574,0.008021125931389029,0.03211904116473342,0.0,15.449002204243367,19.252342017205937,0.8114217719383904,2.646654797522209,False,True
18,BS_1,DC_1,metro_core,base_station,data_center,True,0.8820655569509254,0.008219693255545418,0.03250954843727727,0.0,19.199883286481747,22.255814157381725,0.8700834573237883,5.958110454115771,False,True
18,BS_2,BS_3,terrestrial_backhaul,base_station,base_station,True,0.9079941111533595,0.006713056824764452,0.017849161927886263,0.0,20.28353831277438,23.762795891326803,0.8922771751301022,2.750006708946206,False,True
18,BS_2,DC_1,metro_core,base_station,data_center,True,0.8361276117257147,0.0064666136993305505,0.023408364946154708,0.0,21.387195455213245,24.677197743867236,0.8672975867592807,2.0032467925184543,False,True
18,BS_3,DC_1,metro_core,base_station,data_center,True,0.98,0.006526328055853582,0.024450936156623134,0.0,23.12728816456602,27.817881422465348,0.8424072592626248,6.444575197944815,False,True
19,SAT_1,SAT_2,inter_satellite,satellite,satellite,True,0.36795272834402,0.031077415001337882,0.08995132522214551,0.06850303601487116,6.688223679250602,9.177591110957065,0.8345405399421028,15.671459550368102,True,True
19,SAT_1,UAV_1,satellite_aerial,satellite,uav,True,0.30251854809552575,0.02177306249585018,0.12257550438826906,0.0,5.39276393897681,7.423950623419162,0.6669435879287537,30.901754517628437,True,True
19,SAT_1,GW_1,satellite_gateway,satellite,gateway,True,0.23293573324608058,0.04295052549138868,0.1009305870151877,0.016635582674910117,5.194226043922413,6.994996234857186,0.7360090161492634,35.08879058898557,True,True
19,SAT_2,UAV_2,satellite_aerial,satellite,uav,True,0.2990604560371817,0.02949263500247082,0.09747945233701326,0.03273161906704122,4.56750523176666,5.864425772543644,0.679797827963814,28.68815826946236,True,True
19,SAT_2,GW_2,satellite_gateway,satellite,gateway,True,0.3065277867867947,0.07340900836433546,0.12077667639570558,0.0,5.620776038048169,7.07622219773467,0.7021731354390299,29.330243269743143,True,True
19,UAV_1,GW_1,aerial_gateway,uav,gateway,True,0.42639322085715586,0.011202915125870853,0.09673109928439017,0.05848100558870797,12.348993238930278,16.248615353266608,0.7678248354709961,10.157316372198965,True,True
19,UAV_1,BS_2,aerial_access,uav,base_station,True,0.3858926131322126,0.034104571949648006,0.08585521856013689,0.08753909776065553,16.688362631742834,20.66415012534548,0.8541160156554941,13.893450607708543,True,True
19,UAV_2,GW_2,aerial_gateway,uav,gateway,True,0.35572490612049673,0.012316312939160901,0.08383132385953136,0.09383149175317695,10.754894382513525,13.056802672893676,0.7347059282221062,11.829917202573858,True,True
19,UAV_2,BS_2,aerial_access,uav,base_station,True,0.5156944745471544,0.012601214617144854,0.07900574991417159,0.18544616536555977,19.30539378377087,23.32851798025847,0.769365391614407,6.407339907796252,True,True
19,GW_1,BS_1,gateway_backhaul,gateway,base_station,True,0.8385300006572367,0.014455996684401371,0.035336649762489854,0.0,13.494384000952643,16.981459005701183,0.7901561373376467,8.629126022353773,False,True
19,GW_1,BS_2,gateway_backhaul,gateway,base_station,True,0.7756602552872632,0.009423414708617345,0.03471216998081186,0.0,17.20350318127344,20.63150110712514,0.8386678080498702,4.989082736528662,False,True
19,GW_2,BS_2,gateway_backhaul,gateway,base_station,True,0.7715949832060838,0.006434283992039614,0.03965158875621426,0.0,21.221991734097536,25.318102938303422,0.8248743037168207,9.059195199256505,False,True
19,GW_2,BS_3,gateway_backhaul,gateway,base_station,True,0.6795615128550241,0.004339089395692267,0.03619406931748628,0.0,18.126017206857732,22.944441996608788,0.8581601161439875,2.96027788734074,False,True
19,BS_1,BS_2,terrestrial_backhaul,base_station,base_station,True,0.7779361650828537,0.008564799338411486,0.035974557787544874,0.0,14.730321957662571,18.356732208542503,0.819311095000234,2.848090302690461,False,True
19,BS_1,DC_1,metro_core,base_station,data_center,True,0.8856242102411148,0.008388942053193987,0.024504402287048307,0.0,18.122674006843713,21.00715190363194,0.8869954421317843,6.141062895279224,False,True
19,BS_2,BS_3,terrestrial_backhaul,base_station,base_station,True,0.8787498332085182,0.0068538140342659735,0.022288233114461077,0.0,20.384680640910183,23.881287273964467,0.921180105708445,2.8419913357331263,False,True
19,BS_2,DC_1,metro_core,base_station,data_center,True,0.8243313718996861,0.006446064529926584,0.022707450559152166,0.0,21.1310946351587,24.381700814777727,0.8714352199317538,2.1554129295185884,False,True
19,BS_3,DC_1,metro_core,base_station,data_center,True,0.9651280267154317,0.0064954752885248235,0.01899266671272353,0.0,22.64479085248076,27.23752574398116,0.8650664861263677,6.555466600860312,False,True
20,SAT_1,SAT_2,inter_satellite,satellite,satellite,True,0.36100324517357907,0.031908550320288324,0.08349640579030734,0.08959243061120209,6.838653406175207,9.384011020167046,0.8499453887330879,14.909218547842595,True,True
20,SAT_1,UAV_1,satellite_aerial,satellite,uav,True,0.2860599026396204,0.023869428363285587,0.12960004130611616,0.0,5.440163677505847,7.489203492334711,0.6672471373368015,33.805286762519856,True,True
20,SAT_1,GW_1,satellite_gateway,satellite,gateway,False,0.0329205518963082,0.07847095877306531,0.136875059670285,0.0,5.241990136238815,7.059319512875772,0.7133908264296877,40.02706971650802,True,True
20,SAT_2,UAV_2,satellite_aerial,satellite,uav,True,0.28727044544131214,0.027393457192397067,0.09786177073606016,0.030470102121086248,4.371051500382325,5.612189974885445,0.7000070659227852,30.017698993304826,True,True
20,SAT_2,GW_2,satellite_gateway,satellite,gateway,False,0.062392599323628874,0.10002337483592649,0.15580670071545122,0.0,5.526929377610543,6.958074842765051,0.7035154240605747,37.238353706292166,True,True
20,UAV_1,GW_1,aerial_gateway,uav,gateway,True,0.4242418742283734,0.012086742402741548,0.09577419112580429,0.06219929183620753,12.223347068781907,16.083292055257512,0.7818754273190165,10.237883222176817,True,True
20,UAV_1,BS_2,aerial_access,uav,base_station,True,0.39062497444539346,0.032858661622809204,0.08623653776826787,0.08787359295957786,16.064953785346283,19.89222214920577,0.8768620836384295,14.061372865356045,True,True
20,UAV_2,GW_2,aerial_gateway,uav,gateway,True,0.3460723308447322,0.011754120335406274,0.08073878685807963,0.102437095522616,10.27847788511214,12.478417058359424,0.7615110025468033,11.894077986022653,True,True
20,UAV_2,BS_2,aerial_access,uav,base_station,True,0.4989078427214186,0.011273283739760205,0.08215920024035263,0.1582525976488506,19.357170082564153,23.391084138238924,0.7633617834820674,6.384599321293695,True,True
20,GW_1,BS_1,gateway_backhaul,gateway,base_station,True,0.847350623925746,0.013259149633942152,0.032386620640261134,0.0,13.211316046009637,16.625243644381023,0.828616150374184,8.478045640033537,False,True
20,GW_1,BS_2,gateway_backhaul,gateway,base_station,True,0.7394295918286429,0.008428799345171593,0.03036067886254468,0.0,16.62651894006762,19.939546050890453,0.8627839287107125,5.083798083372549,False,True
20,GW_2,BS_2,gateway_backhaul,gateway,base_station,True,0.7792078125076433,0.006047213332822954,0.03711558204237982,0.0,20.485518421387297,24.43948101741405,0.834276566134244,9.435922205849405,False,True
20,GW_2,BS_3,gateway_backhaul,gateway,base_station,True,0.6753691887494746,0.004699086071557595,0.02646528309744066,0.0,17.994482423138095,22.777941425570493,0.8673158320318458,2.984958306669301,False,True
20,BS_1,BS_2,terrestrial_backhaul,base_station,base_station,True,0.752760210539664,0.007882859464783822,0.03613231708985356,0.0,14.030927690828976,17.485156332512467,0.8232712084921416,2.8315431015783448,False,True
20,BS_1,DC_1,metro_core,base_station,data_center,True,0.8744183162240333,0.008794155797004216,0.021927084997745924,0.0,17.870462291062555,20.714797153814686,0.8922910640673415,6.0593335226031515,False,True
20,BS_2,BS_3,terrestrial_backhaul,base_station,base_station,True,0.8972448053622493,0.007074440382241702,0.013211513945222271,0.0,19.2622829157717,22.566363435722796,0.9181750007278792,2.8056840439804653,False,True
20,BS_2,DC_1,metro_core,base_station,data_center,True,0.8044571817231706,0.0066762431387851085,0.022696663343828048,0.0,20.259055450532276,23.37551543416105,0.87573961555127,2.2132383417882884,False,True
20,BS_3,DC_1,metro_core,base_station,data_center,True,0.9249794272909737,0.00614997595294582,0.028770319925058487,0.0,21.730293712775513,26.137553589334825,0.8689001975713657,6.43834676769396,False,True
21,SAT_1,SAT_2,inter_satellite,satellite,satellite,True,0.3534690507463728,0.03375737369751028,0.09431076951516072,0.049870215911005475,6.6974751163026465,9.190285947512223,0.8668507785291897,15.462278846177446,True,True
21,SAT_1,UAV_1,satellite_aerial,satellite,uav,True,0.2844979174456709,0.025938644297157424,0.1273094103817723,0.0,5.634004557171128,7.756054616492802,0.6870309648852844,34.11746679671514,True,True
21,SAT_1,GW_1,satellite_gateway,satellite,gateway,True,0.22744207778091816,0.05011281507535934,0.10538926923342555,0.007932221302034064,5.387835661002863,7.255727772348611,0.7469616343396348,37.01888557242998,True,True
21,SAT_2,UAV_2,satellite_aerial,satellite,uav,True,0.2782505059930141,0.03182478242641003,0.09951380091554038,0.02480534752238083,4.305469168507473,5.527985863942011,0.7008123809257152,30.20677713657046,True,True
21,SAT_2,GW_2,satellite_gateway,satellite,gateway,True,0.292552379777187,0.07438540047256673,0.12694481986719564,0.0,5.45644322775582,6.869336979014827,0.7411308465151809,30.711904801630286,True,True
21,UAV_1,GW_1,aerial_gateway,uav,gateway,True,0.4145314236056753,0.013346254443442363,0.10112377454967911,0.036984253225371806,13.325400921453546,17.533357562961864,0.7687961886181962,10.174984158718548,True,True
21,UAV_1,BS_2,aerial_access,uav,base_station,True,0.3827582712777127,0.034382479352122235,0.08297965440725566,0.09756786031194006,15.84175095412754,19.61584411773052,0.8839275489246082,14.95035168229146,True,True
21,UAV_2,GW_2,aerial_gateway,uav,gateway,True,0.3454946431962317,0.013596564363743154,0.08196516365391783,0.0969030285269548,10.005685044911099,12.147237396486187,0.7624250813090209,11.142958347598375,True,True
21,UAV_2,BS_2,aerial_access,uav,base_station,True,0.5037257988106235,0.013492506230379916,0.07494312012832967,0.20422247629062343,17.68083597530758,21.365412411463254,0.7879595425499063,6.1994480965361465,True,True
21,GW_1,BS_1,gateway_backhaul,gateway,base_station,True,0.8455209406804723,0.014238478256594932,0.03374594257946657,0.0,12.384358412281019,15.584592425650118,0.8371128622578584,8.845547525115036,False,True
21,GW_1,BS_2,gateway_backhaul,gateway,base_station,True,0.7677953092626801,0.009205111934283503,0.02241463112728909,0.0,15.61514319330848,18.726641933681687,0.8927497612891815,5.560881875209093,False,True
21,GW_2,BS_2,gateway_backhaul,gateway,base_station,True,0.7583007200504872,0.006528898645808969,0.03575145926172748,0.0,20.929249849289906,24.968858189423223,0.8645458583489533,9.07345635963106,False,True
21,GW_2,BS_3,gateway_backhaul,gateway,base_station,True,0.6832951536517756,0.004860830088701383,0.027206427996776368,0.0,17.81512030998456,22.55089962401668,0.8827796435431838,3.0441998946873032,False,True
21,BS_1,BS_2,terrestrial_backhaul,base_station,base_station,True,0.7633631866474083,0.008115118500137275,0.03627199071804489,0.0,13.658712009140038,17.021306077764322,0.8476948542200067,2.866590071067908,False,True
21,BS_1,DC_1,metro_core,base_station,data_center,True,0.882612305268868,0.008092815592637642,0.016328256048337007,0.0,18.0879306697274,20.96687867683517,0.9208444726947119,6.180898319864308,False,True
21,BS_2,BS_3,terrestrial_backhaul,base_station,base_station,True,0.892435319331406,0.006925123285952798,0.014510216311948857,0.0,18.80929506651248,22.035674083736374,0.9187804376486087,2.9354493635445196,False,True
21,BS_2,DC_1,metro_core,base_station,data_center,True,0.8071160192620188,0.006979667961550594,0.022162448673787697,0.0,20.26126863979237,23.378069079361065,0.8982644427150932,2.1653951835512184,False,True
21,BS_3,DC_1,metro_core,base_station,data_center,True,0.9587776838274326,0.006430572461919009,0.025059829410029964,0.0,21.44295896871432,25.791942647750457,0.8716718947357307,6.421970600759939,False,True
22,SAT_1,SAT_2,inter_satellite,satellite,satellite,True,0.33674099568431143,0.03498856672202772,0.09039605863580617,0.058948975397521176,6.8143086994370465,9.350605175076645,0.8654421711892227,15.449535084218898,True,True
22,SAT_1,UAV_1,satellite_aerial,satellite,uav,True,0.2798655690209499,0.02770933156047503,0.13042865915426055,0.0,5.495301537296957,7.56510904896619,0.6886241297715471,35.14758599271148,True,True
22,SAT_1,GW_1,satellite_gateway,satellite,gateway,True,0.22609484236848126,0.05187226812013137,0.10095434167228287,0.01547348668858332,5.43308636090144,7.316666297691681,0.7537440228703493,38.78995452906709,True,True
22,SAT_2,UAV_2,satellite_aerial,satellite,uav,True,0.2645040165348844,0.03002768519678895,0.0984265339226307,0.02604432822024863,4.385728343981014,5.631034235700106,0.7151301828146284,31.697460440130715,True,True
22,SAT_2,GW_2,satellite_gateway,satellite,gateway,True,0.28255815433654263,0.07231419633096332,0.12420686444359126,0.0,5.373113531928819,6.764429855985912,0.731911325528718,29.31421784348317,True,True
22,UAV_1,GW_1,aerial_gateway,uav,gateway,True,0.4015496633774858,0.013113472852406058,0.10198864664713356,0.031984382503640114,12.921254514651594,17.00158793741637,0.7753086244101599,10.450391297426304,True,True
22,UAV_1,BS_2,aerial_access,uav,base_station,True,0.36458309040258435,0.03518304974657297,0.08626780424599644,0.07959369780844937,15.877786636777392,19.660464837724312,0.8874029630379958,14.97626475452077,True,True
22,UAV_2,GW_2,aerial_gateway,uav,gateway,True,0.33120867576169666,0.01221764957558857,0.08178881533051939,0.0931008024474323,9.70592480749808,11.7833184094764,0.7768518101842246,11.991000255167883,True,True
22,UAV_2,BS_2,aerial_access,uav,base_station,True,0.4797945868574029,0.013121555567547107,0.0745048934224997,0.1933965685687833,17.014933198997106,20.560739631189687,0.777081956704243,6.4919110047976485,True,True
22,GW_1,BS_1,gateway_backhaul,gateway,base_station,True,0.8083175521178689,0.014245418668361102,0.03398561689467187,0.0,11.941877104860069,15.027769810981123,0.8422236978246366,9.01184081218462,False,True
22,GW_1,BS_2,gateway_backhaul,gateway,base_station,True,0.7607231009672697,0.009542824522997392,0.02585689789292711,0.0,14.5572616937845,17.45796525203965,0.9022809115831308,5.5059247525122625,False,True
22,GW_2,BS_2,gateway_backhaul,gateway,base_station,True,0.746291135806915,0.0062534380756346505,0.034576359107813946,0.0,20.48604101014442,24.4401044723712,0.858328789288443,8.666757669825857,False,True
22,GW_2,BS_3,gateway_backhaul,gateway,base_station,True,0.7045380305396981,0.004784949163319373,0.026490828786533114,0.0,17.57150153278258,22.242519860331978,0.8716950729088805,3.082410652251136,False,True
22,BS_1,BS_2,terrestrial_backhaul,base_station,base_station,True,0.7168503876245511,0.007887143359272184,0.036394423607764965,0.0,13.735145238849526,17.11655615672687,0.8487593431038117,3.0614438073778487,False,True
22,BS_1,DC_1,metro_core,base_station,data_center,True,0.8822265767984969,0.008189472655509131,0.017343250352619903,0.0,18.26727301739822,21.17476587597875,0.9240704557161418,6.304507687428691,False,True
22,BS_2,BS_3,terrestrial_backhaul,base_station,base_station,True,0.8860141126420975,0.0076097552939756825,0.010972306611887164,0.0,18.923897624858466,22.16993454463853,0.9293395169717985,2.8838019062931344,False,True
22,BS_2,DC_1,metro_core,base_station,data_center,False,0.14826942961290104,0.010960137709683508,0.09115387278388928,0.0,19.60920495510096,22.62569813280938,0.884233166001205,2.590090482209109,False,True
22,BS_3,DC_1,metro_core,base_station,data_center,True,0.9158763117383651,0.005839474314384996,0.027682478971454053,0.0,21.079716387971697,25.355028515544927,0.8910903850280792,6.450652633067402,False,True
23,SAT_1,SAT_2,inter_satellite,satellite,satellite,True,0.3321466810268201,0.036111229155387496,0.0891337374490926,0.061610993612774556,6.703399776248634,9.198415775260722,0.8766964347401547,15.41906761301221,True,True
23,SAT_1,UAV_1,satellite_aerial,satellite,uav,True,0.2674612259972377,0.02833997216807382,0.1291222952994852,0.0,5.640962012909416,7.765632600704637,0.6830783805769678,35.070317345773496,True,True
23,SAT_1,GW_1,satellite_gateway,satellite,gateway,True,0.22224694111219684,0.053289376714382594,0.10202356272374315,0.013274663836535605,5.564292016041355,7.4933592363383426,0.7462762586680294,37.104631576743444,True,True
23,SAT_2,UAV_2,satellite_aerial,satellite,uav,False,0.016171495601294005,0.048037026294606135,0.13879670086292287,0.0,4.397288471511539,5.64587680431993,0.6918173425698313,41.44796382470562,True,True
23,SAT_2,GW_2,satellite_gateway,satellite,gateway,True,0.26666329735945044,0.07968324270305462,0.12598194953325703,0.0,5.186259384080574,6.529191614897464,0.7755097274493395,28.361097389108465,True,True
23,UAV_1,GW_1,aerial_gateway,uav,gateway,True,0.40933393411982094,0.013075651703462789,0.09619206818487669,0.05729164001351031,13.58570243279236,17.87585828765938,0.7828504637337995,10.952357597426653,True,True
23,UAV_1,BS_2,aerial_access,uav,base_station,True,0.3583286075635995,0.037897214487083254,0.08281204034133072,0.08905449686300809,15.746293726724232,19.497645435143216,0.9067590986206643,15.463420688554264,True,True
23,UAV_2,GW_2,aerial_gateway,uav,gateway,True,0.3176582687033818,0.013676687939597611,0.07459523026040306,0.1125437538792272,9.638006716503172,11.700863567940997,0.7912311780443843,11.834565464645335,True,True
23,UAV_2,BS_2,aerial_access,uav,base_station,True,0.46908120146272153,0.014190226919791556,0.07484759341312108,0.18458869507153386,16.780884110668595,20.277916166074732,0.808325192760324,6.479063970352818,True,True
23,GW_1,BS_1,gateway_backhaul,gateway,base_station,True,0.827744156902389,0.015206989554184423,0.026491429735427004,0.0,11.680947889415014,14.699414046452919,0.8296445295483418,9.028014646975063,False,True
23,GW_1,BS_2,gateway_backhaul,gateway,base_station,True,0.7465511170340129,0.009259625532942664,0.02666803708026525,0.0,15.40664213433456,18.476594615776126,0.9033154048125991,5.662003914725035,False,True
23,GW_2,BS_2,gateway_backhaul,gateway,base_station,True,0.7600934875113804,0.005831082286903075,0.03138508093739351,0.0,18.503583160301197,22.07500733436156,0.9059192067304451,8.816412432692939,False,True
23,GW_2,BS_3,gateway_backhaul,gateway,base_station,True,0.699935283301581,0.005151124103856927,0.031063081504107325,0.0,17.902538583292742,22.661556227641903,0.8973169397060643,3.0732117069824234,False,True
23,BS_1,BS_2,terrestrial_backhaul,base_station,base_station,True,0.7428136670033486,0.008668294511485463,0.03663208807416539,0.0,13.141911535695094,16.37727616969148,0.8515479468265346,3.212674578725821,False,True
23,BS_1,DC_1,metro_core,base_station,data_center,True,0.8528385149815575,0.009824461945240195,0.021768107957119687,0.0,18.29215555849923,21.203608822690693,0.933352873046909,6.067858571446316,False,True
23,BS_2,BS_3,terrestrial_backhaul,base_station,base_station,True,0.8901102855211092,0.007823764730814722,0.010142050343729425,0.0,18.338224308001813,21.483800041237018,0.9312301665509477,2.853380429202751,False,True
23,BS_2,DC_1,metro_core,base_station,data_center,True,0.8187497753290661,0.007217116502634958,0.017642933642920865,0.0,20.7267734979782,23.915182767793855,0.9045833468260065,2.0662592062604332,False,True
23,BS_3,DC_1,metro_core,base_station,data_center,True,0.8854669066299065,0.006617194989667941,0.023242257914505154,0.0,20.539656090571427,24.705435134463624,0.9072734620908348,6.482083365651132,False,True
